# https://github.com/mikedh/trimesh
v 0.03491226 -0.05993405 -0.01157951
v -0.04003430 0.05215507 -0.01221391
v 0.00496026 0.04522035 0.04040801
v 0.01867162 0.03334771 -0.01430847
v 0.03504538 0.03055219 -0.00458863
v -0.01673830 0.01618979 -0.00428079
v -0.01673830 -0.01111021 0.00991729
v -0.03031654 -0.02197197 -0.02098111
v -0.01394278 0.01748771 -0.00351119
v 0.03105178 -0.01687181 -0.00485903
v 0.03650970 0.03879315 -0.00327199
v -0.04389478 -0.04843581 0.00053649
v -0.02206310 0.04504355 0.00379585
v -0.02206310 0.04632899 0.00283281
v 0.00256410 0.01974867 0.04375889
v 0.01760666 0.02620291 -0.01173343
v -0.03963494 0.05967427 -0.00517727
v -0.04642406 -0.00448541 -0.01182495
v 0.03810714 -0.01417821 0.00013089
v -0.00276070 0.02526275 -0.02103727
v 0.03544474 0.02979507 -0.01208703
v -0.00675430 0.02353219 0.03082129
v 0.03690906 -0.02433693 -0.02049231
v -0.03257958 -0.04817165 0.01250689
v -0.02166374 0.03925907 0.00446769
v 0.01521050 -0.04530957 0.01256721
v 0.03158426 0.04359171 -0.00308063
v -0.02698854 0.05952243 -0.01628447
v 0.01268122 0.02060979 0.04331585
v -0.00502374 -0.00653629 -0.01835407
v -0.03351142 -0.04989181 -0.00031423
v -0.04030054 -0.00076221 -0.01586847
v -0.00622182 -0.00672557 -0.02134927
v -0.04695654 -0.01466493 -0.02130559
v 0.03211674 0.04407427 -0.01549823
v -0.03462422 0.04866691 -0.01066431
v 0.01037034 0.00504099 -0.02245791
v -0.02091286 0.01345043 -0.00743199
v -0.03315990 -0.04991885 -0.01817727
v 0.04458218 -0.00332893 -0.02166335
v -0.01931542 0.03606835 0.02603729
v 0.02434794 0.03009875 -0.01760527
v -0.00427286 -0.02125021 -0.01874719
v -0.03289366 -0.05638557 0.00594241
v 0.03526378 0.05005219 -0.02044447
v 0.04351722 0.00179619 -0.00336559
v 0.00264938 0.04797219 0.02814433
v 0.03539690 -0.02213005 0.00386449
v -0.03542294 -0.05196765 -0.00451167
v 0.00411370 -0.01960077 -0.02043407
v -0.03675414 0.04004739 -0.00537279
v 0.01915626 0.00399891 -0.00107135
v 0.01782506 0.03077891 -0.01696879
v -0.01758486 0.02181827 -0.00120447
v -0.00666902 0.04318195 0.03422209
v 0.02887402 0.00771795 -0.00178687
v 0.01116906 -0.01917021 -0.00533951
v 0.00437994 0.02434131 0.03067777
v -0.02424086 0.04030323 -0.01708319
v -0.02011414 0.03051683 -0.02016575
v 0.00318186 0.04526195 0.05545889
v 0.04271850 -0.00078925 -0.02210431
v -0.01998102 0.04709859 0.02342481
v -0.01585430 0.01237299 -0.00123151
v -0.04713750 -0.00439181 -0.00549135
v -0.04713750 -0.01540541 -0.00297455
v -0.03622166 -0.04680093 0.00065505
v 0.02927338 0.03053971 -0.01734319
v -0.03342614 -0.02081133 -0.00224239
v 0.02115306 -0.01351469 0.03338385
v 0.00344810 -0.00788413 -0.02153231
v 0.00624362 -0.00476413 -0.01849135
v 0.04599866 -0.01904541 -0.02023023
v -0.04665286 -0.02232349 -0.00136879
v -0.00432070 0.06416915 0.00311985
v -0.00831430 -0.06223037 -0.00106095
v -0.04372422 -0.04563197 -0.00715535
v -0.03826630 0.04792019 -0.00246079
v 0.03401786 0.05065747 -0.00956191
v -0.01363910 -0.00882013 -0.00000223
v -0.00818118 0.02212403 -0.01855583
v -0.01217478 0.02254627 -0.01583727
v 0.00965690 0.00193139 -0.01907791
v 0.00965690 0.02383795 -0.01691679
v -0.01071046 -0.00896157 -0.00068655
v -0.03507142 0.04167395 -0.00387519
v -0.03493830 0.04152835 -0.00060543
v 0.03321914 0.06379683 -0.02044655
v 0.00872506 -0.00124685 -0.01891359
v -0.03347398 -0.02311181 -0.00329071
v 0.01018938 -0.02018109 -0.00275823
v -0.02242502 0.02812483 -0.01863071
v 0.01852810 0.03308771 -0.01117391
v 0.02398602 0.02958291 -0.01406927
v -0.03325558 0.03868915 -0.01848719
v -0.04004470 0.04159075 -0.02132431
v 0.03223946 0.04504563 -0.01670463
v 0.04728202 -0.04500381 -0.01648415
v 0.01866122 0.03604547 -0.00323663
v 0.04595082 -0.04606253 -0.00111711
v -0.01262198 0.02130659 0.03476497
v 0.02012554 0.05673315 -0.01603487
v -0.03165814 -0.03010893 0.00814097
v -0.03165814 -0.04733965 -0.02844415
v 0.03649930 0.00427139 -0.01851631
v -0.02207350 0.02724291 -0.00591775
v 0.02292106 0.04348771 0.00766465
v 0.01613194 -0.01912861 -0.00510239
v 0.03809674 -0.04570061 -0.01869935
v -0.04230774 -0.00126349 -0.00669359
v 0.02185610 0.04747299 0.00755025
v 0.02052490 0.05459283 -0.01776751
v 0.00827786 -0.00289213 -0.02098111
v 0.01919370 -0.01810733 -0.02056927
v -0.02300534 0.04910787 0.00065921
v 0.01932682 0.01147859 0.01882593
v 0.01666442 0.04080243 0.02600609
v -0.02420342 0.05239843 -0.00037871
v -0.00782966 0.03940467 0.02622449
v 0.01945994 0.03324163 -0.01548991
v -0.00636534 0.03900739 0.02679857
v -0.03219062 -0.05853213 0.00639585
v 0.03463562 0.05837219 0.00319681
v -0.04031094 0.05848659 -0.01639471
v -0.03485302 -0.04861885 -0.00101311
v 0.00468362 0.02068883 -0.01973519
v 0.02105738 -0.01839229 -0.00568063
v -0.02526838 0.00644707 -0.02341263
v 0.01293706 0.06345155 0.01855761
v 0.03476874 0.05945171 -0.02360191
v -0.03471990 0.03376995 -0.01180415
v 0.00481674 0.06244483 -0.00999871
v -0.03605110 0.04707987 -0.00677263
v 0.03756426 -0.04039453 0.00647073
v 0.00215434 0.03666947 0.03232929
v -0.01826086 0.06289203 0.00090673
v 0.02274010 0.05398131 -0.02797407
v 0.01595098 0.01575299 -0.00365263
v -0.03849510 0.04167603 -0.01246767
v 0.00516826 0.02086147 0.04130033
v -0.01932582 0.06108867 0.01902353
v -0.01786150 0.01219619 0.04703073
v 0.00397018 -0.04635373 -0.02845039
v -0.01373478 0.01666819 0.04675617
v -0.03689766 0.04269939 0.00859025
v 0.01635034 0.06293571 0.01060369
v 0.03272410 0.04322771 -0.00218831
v -0.00401702 0.02089267 -0.02333775
v -0.00401702 0.01449459 -0.02351663
v 0.00144090 0.01502915 -0.02362063
v -0.01213734 0.02164563 -0.01085775
v 0.03831514 -0.05352765 0.00524353
v -0.01892646 0.01102931 0.00262481
v -0.01067302 0.01997955 0.04059521
v -0.01067302 -0.02016029 -0.00437023
v -0.00521510 0.03651347 0.05479745
v 0.00024282 0.01435939 -0.02257231
v -0.02425126 0.03088083 -0.02275535
v -0.00787750 -0.01962989 -0.00393551
v 0.03711706 -0.03249885 0.00452593
v 0.03578586 0.04500819 0.00177617
v -0.04728102 -0.01533885 -0.02048191
v 0.03725018 -0.04648893 0.01124641
v 0.00729818 0.04488131 0.02507217
v 0.01275610 0.02102787 -0.00323871
v -0.01719590 0.02267939 -0.01221807
v -0.03077414 0.00632643 -0.00255855
v -0.03210534 -0.06302701 -0.01394239
v 0.01834714 0.02691219 0.02869969
v 0.00064218 -0.01912861 -0.00498175
v 0.03205850 0.03945667 -0.01354303
v -0.02518310 0.04828211 -0.02627679
v -0.02105638 0.06177923 0.01180385
v 0.01848026 0.04381635 0.00342353
v 0.02393818 -0.01705485 -0.00498799
v 0.01989674 -0.00531949 0.00413905
v 0.00219178 0.03642403 0.02814433
v 0.03627050 -0.03361997 0.01206177
v 0.03493930 0.05054307 -0.02837759
v -0.00592854 0.06344947 -0.00408735
v -0.00047062 0.02117347 -0.02288223
v 0.01044522 -0.02013117 -0.01870767
v 0.03094570 -0.02383357 0.00638961
v 0.00232490 -0.01844013 0.04005857
v 0.01869866 0.03758259 -0.00165791
v -0.04400086 -0.04272829 -0.00598431
v 0.03507242 0.03038995 -0.01559807
v 0.03520554 0.05011043 0.00210897
v -0.03015638 0.03063123 -0.02495391
v 0.01896490 0.03360355 -0.00663743
v -0.00552918 0.02670627 0.02903873
v 0.02854954 -0.01691133 -0.00458447
v -0.04093910 -0.04961933 -0.01833327
v -0.01910742 0.01147235 0.01299361
v -0.01498070 -0.05893981 0.00548689
v 0.03414058 0.04071715 -0.02770159
v 0.02056234 -0.06132141 -0.00703679
v 0.03147818 0.06294403 -0.02172575
v 0.00831530 -0.00053549 -0.01838111
v -0.01484758 -0.00745149 0.04645457
v -0.03255254 0.02369235 -0.00743407
v -0.02296790 0.05580755 -0.01182703
v -0.02563030 0.05382947 -0.01989951
v -0.03508182 0.06093059 -0.00763583
v 0.01949738 -0.00238045 0.00042209
v -0.03494870 0.04387459 -0.00214255
v 0.01829930 0.01469011 0.00163473
v -0.01165270 0.02373395 0.03042609
v -0.02523094 0.04101251 -0.02431119
v 0.00205866 -0.01983581 -0.00478207
v -0.04559830 -0.00388637 -0.00176191
v -0.03468246 0.05389187 -0.02469183
v -0.00193494 -0.00983725 0.00576353
v 0.03635578 -0.02860301 0.00903745
v 0.04740474 -0.03267773 -0.00544351
v 0.03395962 -0.03297933 0.01225729
v 0.00533882 0.04961123 0.02367025
v -0.01502854 0.02088227 -0.00138543
v -0.01635974 0.01107091 -0.00078223
v -0.02035334 0.02730115 -0.01923807
v -0.03938950 0.04120387 -0.02038623
v 0.00014714 -0.00598301 0.04636929
v -0.03526278 -0.02201565 -0.00413727
v -0.00797318 -0.00467261 -0.01863487
v 0.04793722 -0.04373917 -0.00263759
v 0.01252730 0.01732339 -0.01522159
v -0.01609350 0.01085875 0.04803121
v -0.00517766 -0.00182093 -0.01868687
v 0.00028026 0.03562323 0.02757857
v 0.03582330 0.03547347 -0.02296543
v -0.03912326 0.05295379 0.00449265
v -0.03499654 0.03578547 -0.00824527
v 0.03462522 -0.02434317 -0.02255983
v 0.01692026 -0.06112381 -0.01180831
v 0.03875194 -0.05616925 -0.00475295
v -0.02527878 0.04884787 -0.02374751
v 0.01425786 0.05361315 0.02269473
v 0.02517370 0.03808179 -0.02684463
v 0.01838458 0.03409027 -0.00543519
v -0.04018822 0.05242131 -0.00836591
v 0.03888506 -0.04472717 0.00041169
v -0.03739270 0.02415203 -0.01230543
v -0.02372918 0.02742595 -0.01860367
v 0.02126538 0.04072131 -0.02690079
v 0.01993418 0.01326531 -0.01359503
v 0.00635594 0.04212947 0.02679025
v -0.01813814 0.01914547 0.03903729
v -0.01268022 -0.01999805 -0.00391263
v 0.01740490 0.06159827 -0.00235055
v -0.01121590 -0.06074733 -0.01835407
v -0.03704118 -0.02837421 -0.00033295
v 0.03803850 -0.03118845 -0.01952719
v 0.01487562 -0.01454013 -0.00027887
v -0.03690806 0.03618275 -0.00250863
v -0.02186550 0.06037315 -0.00520015
v 0.03404490 0.05846163 -0.00714287
v -0.03677494 0.03897619 -0.01438959
v 0.01647306 0.02699539 0.02919681
v -0.02572598 -0.02233805 -0.00335727
v 0.01394378 0.06501987 -0.00216335
v -0.02692406 0.06047091 -0.00855727
v 0.02233034 0.03110339 -0.01323311
v 0.03191498 0.05459491 -0.01303343
v -0.02119990 0.02766931 -0.01823967
v -0.01707318 0.02016467 0.03745233
v -0.03744054 0.00036931 -0.02192959
v 0.03484362 -0.01993149 -0.01865359
v 0.01713866 0.05075523 0.02131153
v -0.04414438 -0.04167789 -0.00806847
v 0.02001946 -0.01212317 0.02217057
v -0.00314342 0.03587699 0.03730049
v 0.01735706 0.01342755 -0.00162879
v 0.03373082 0.05946627 0.00399553
v 0.01882138 0.02214483 0.03389345
v 0.01882138 0.01977571 0.01456609
v -0.02750438 0.04347523 -0.02903903
v 0.04477978 -0.04744157 -0.00321583
v -0.02058214 0.05814339 -0.01257167
v -0.00966630 -0.00030045 -0.01815231
v 0.04624410 -0.03002781 0.00137265
v 0.02041882 0.03244499 -0.00996959
v -0.02590694 0.05728851 -0.01498239
v 0.00005146 -0.00771357 0.00002689
v 0.03559450 -0.02508365 0.00749409
v -0.02843622 0.06129667 -0.00791871
v -0.01206246 0.00202499 -0.02195455
v -0.03522534 0.03268627 -0.00898575
v 0.02068506 0.03879939 -0.01721839
v -0.03655654 0.04729827 -0.01337247
v 0.03173402 0.05438899 -0.00599679
v -0.03495910 -0.04179645 -0.00032047
v 0.01962010 0.00481219 0.00701985
v -0.03482598 0.03549635 -0.00669567
v -0.01845222 0.01786419 0.04097169
v 0.02108442 0.04764147 -0.01676287
v 0.03479578 -0.04713581 -0.02752271
v -0.02377702 0.01148691 -0.00392927
v -0.01831910 -0.00599965 -0.00123775
v -0.01277590 -0.02199485 -0.01892815
v -0.02488982 0.04556147 0.00574897
v -0.03713686 0.04124131 -0.01521743
v 0.01331562 0.02124835 -0.00025391
v -0.02342550 0.02887779 -0.00280191
v -0.03154582 0.06117395 -0.01166895
v -0.02608790 0.03369507 0.00574273
v 0.01890666 -0.01940109 -0.00479871
v -0.00971414 -0.02752349 0.00711345
v -0.01237654 0.02089475 -0.00596975
v 0.02170218 0.06492627 -0.00813919
v -0.04086422 0.04991283 -0.02257023
v -0.03540630 0.03838755 -0.01889487
v 0.03554666 0.03307939 0.00004145
v -0.01211030 0.02241939 -0.01192063
v 0.03288426 -0.02800189 0.00992145
v 0.03834218 -0.04440477 -0.01809199
v 0.01930602 -0.00543805 -0.00012079
v -0.02701974 0.04641011 0.00800577
v 0.01664362 0.05869043 0.01926897
v 0.02077034 -0.00385309 -0.00094863
v -0.03780246 0.03901987 -0.00067823
v -0.03367574 -0.04787837 -0.01751583
v -0.02954902 -0.06367389 -0.00185551
v 0.02090346 -0.01271389 0.02707937
v -0.01996438 0.03678387 0.02367233
v 0.03594602 -0.02990925 0.01051841
v 0.01824106 -0.01238941 0.02016753
v -0.03900054 0.04604195 -0.02799695
v -0.03753622 0.02622579 -0.01928591
v -0.01836694 0.01968627 0.03461729
v 0.03754346 -0.03768013 -0.02057135
v -0.02094406 0.03516355 0.00353585
v 0.01593018 0.02248803 0.00008305
v -0.03585350 -0.01998765 -0.02142831
v -0.02081094 0.06189155 -0.00456367
v -0.02081094 0.05176611 0.02160689
v 0.04468410 -0.00753677 -0.00038079
v 0.03110586 0.05112547 -0.01631151
v -0.00976198 -0.02381693 0.00250209
v -0.02200902 0.03310227 -0.02006383
v -0.02200902 0.03432739 0.00191137
v -0.00962886 -0.06342221 -0.00716575
v -0.00137542 0.04614803 0.05456657
v 0.01912506 -0.01503933 -0.00018527
v 0.02870970 0.00907619 -0.00232143
v 0.01646266 0.06222227 -0.00255231
v -0.03532102 -0.02474045 -0.01883247
v -0.03798342 0.04548243 -0.00103183
v -0.03798342 0.04516835 -0.01307919
v 0.03296954 0.05468643 0.00729857
v 0.00581306 -0.00571885 -0.02067535
v 0.04534970 -0.04856893 -0.00716159
v -0.01588550 0.01545763 0.00046369
v -0.03359046 0.03535699 -0.00917087
v 0.01686202 0.06195603 -0.00478207
v -0.02400582 0.04777875 0.00360241
v 0.02098874 0.04093347 -0.02376415
v 0.01419962 0.05181811 -0.01876591
v 0.01419962 0.06268819 0.01938129
v -0.00616774 0.03922371 0.05420673
v -0.00616774 0.06197891 -0.00900655
v -0.02933062 -0.02129597 -0.00387727
v -0.04011334 0.04613763 0.00034513
v 0.01854474 0.00973971 -0.00153935
v 0.00083978 0.04725459 0.04618625
v 0.01867786 -0.01720877 0.04516705
v 0.03505162 -0.03827501 -0.02900575
v -0.01806326 -0.00089325 0.00540993
v 0.03651594 0.03727059 -0.00719071
v 0.00789514 0.02024371 0.04301217
v -0.02072566 0.03820867 0.00496065
v -0.03297270 0.03427747 -0.00990303
v 0.00656394 -0.01606269 -0.00036207
v -0.01659894 0.00527395 0.04743217
v -0.00155638 -0.01945309 -0.00518767
v 0.01894410 0.03296083 -0.00918127
v -0.03829750 0.02962451 -0.00653551
v -0.03417078 -0.03437917 0.00931825
v -0.02165750 0.05942467 0.01386305
v -0.03936246 0.03277363 -0.01666095
v -0.01753078 0.04945939 0.02341233
v 0.03159050 -0.01780157 -0.00497759
v -0.04734966 -0.00837501 -0.02192543
v -0.01327094 0.01777683 -0.00247743
v 0.01268746 0.01861507 -0.00043071
v 0.03731466 -0.04801565 -0.02652223
v 0.00057354 -0.02336349 0.00261441
v 0.03345418 0.04704659 -0.01499695
v 0.03212298 0.05988019 0.00429921
v -0.02237094 0.03237635 -0.00015199
v -0.02503334 0.03056467 0.00243761
v 0.01330522 0.02286243 -0.00509615
v 0.01330522 -0.06097405 -0.00186799
v 0.04738394 -0.04717533 -0.01426063
v 0.01876314 0.02017299 0.02117633
v -0.00439974 0.06212867 0.01889457
v 0.04605274 -0.04220413 0.00193009
v 0.01743194 -0.00688989 0.00125825
v -0.03568294 -0.03410461 -0.01905087
v 0.03660122 0.03125939 -0.01606191
v -0.03834534 0.05000019 -0.02693407
v -0.01651366 -0.01675117 0.03859217
v 0.01756506 -0.05413917 -0.02385775
v -0.04513446 -0.03902589 0.00062385
v -0.04646566 -0.00544221 -0.01974767
v 0.01796442 0.02658147 0.00077777
v -0.01198758 0.02286243 -0.01873471
v 0.02075994 0.05145619 -0.01549823
v -0.02556582 0.04438003 -0.02076895
v -0.03235494 -0.06295421 -0.00426415
v 0.03859802 0.00241603 -0.02191503
v -0.03355302 -0.03202253 0.00908945
v 0.03873114 -0.04857101 -0.00453663
v 0.03873114 -0.04652221 -0.01647375
v -0.03475110 -0.04332941 0.00000817
v -0.03475110 -0.04552797 0.00005185
v 0.02661722 0.06425859 -0.01820639
v -0.04420262 -0.04546557 -0.01919231
v 0.02124458 0.05323043 -0.02780767
v -0.03732822 -0.04883101 -0.01820639
v -0.03453270 0.03660915 -0.01634687
v -0.02494806 0.05632339 -0.00941839
v 0.03642026 0.03310019 -0.00170575
v -0.02082134 0.06005075 0.01914209
v -0.02614614 0.03031923 -0.02399711
v -0.03559766 0.00022995 -0.00189711
v -0.00830806 0.01919747 -0.02384527
v -0.03692886 0.03246371 0.00573649
v -0.03280214 0.03985395 -0.00157887
v 0.00540330 0.01936387 0.04479473
v 0.02177706 0.04094803 -0.01991407
v 0.03136170 0.06649043 -0.00766911
v 0.03003050 0.04923683 -0.00266255
v 0.04640426 -0.03967277 0.00224209
v 0.00420522 -0.00524669 -0.01806287
v -0.03932502 0.05307443 -0.02480415
v -0.01057110 -0.02434525 0.00300753
v -0.03919190 0.04587971 -0.00080095
v 0.03309226 0.04426147 0.00808481
v 0.01951402 -0.01701325 0.03970289
v -0.04451670 -0.05263741 -0.00951823
v -0.03905878 0.04252051 -0.02820495
v 0.01685162 0.02298931 0.03505409
v -0.04038998 0.05124819 -0.02448383
v -0.04038998 0.04516835 -0.02082927
v 0.03322538 0.04237283 -0.00963679
v 0.01552042 0.02403347 -0.01077247
v 0.04693674 -0.02076557 -0.01834783
v -0.04025686 0.05063875 -0.00376703
v 0.03615402 0.03817539 -0.02487487
v 0.01711786 0.05528963 -0.01341407
v -0.01554438 -0.04626845 0.01287089
v 0.01853434 0.04556771 -0.01709983
v -0.03870726 0.03498883 0.00190721
v -0.02233350 -0.03363661 0.01101137
v -0.03045382 -0.02281021 -0.00313887
v -0.00036870 0.03586659 0.03266209
v -0.02486278 0.03370131 -0.02560911
v -0.02619398 0.04405555 -0.02794287
v -0.04389894 -0.04585037 0.00155361
v 0.01746938 0.02541667 -0.00309311
v -0.03138566 0.04161363 0.00841553
v -0.02180102 0.03020691 -0.00249407
v -0.03404806 -0.03248845 -0.02411151
v -0.01900550 0.00247843 0.00973009
v 0.04236282 -0.02887549 -0.01987039
v 0.01653754 0.02635267 -0.01962703
v -0.03524614 0.03405699 -0.01376559
v 0.04382714 0.00133651 -0.00154143
v -0.04336646 -0.04962765 -0.01823759
v -0.03511302 0.03820243 -0.00150815
v 0.04262906 0.00082899 -0.02117663
v 0.01946618 0.06394867 -0.00937679
v -0.00369670 0.04542627 0.05360353
v 0.03450874 0.04795971 0.00821585
v -0.01993734 0.02649411 -0.00094239
v -0.00902150 -0.01986909 -0.00446799
v -0.03764230 -0.02113581 -0.00081551
v -0.00622598 0.02171219 -0.01999103
v 0.02106362 0.03402163 -0.01950847
v -0.00209926 0.01434483 -0.02270127
v 0.02385914 0.06540051 -0.01058527
v -0.02246662 0.05611123 -0.00487151
v -0.03471366 0.04269731 -0.00173903
v 0.00091466 0.04915779 0.02475393
v -0.02224822 -0.02042653 -0.00326575
v 0.01728842 0.02517539 0.03059457
v -0.01945270 0.02468243 0.01435601
v -0.03715766 0.02733235 0.00152865
v 0.02421066 0.03919043 0.00638337
v 0.02154826 -0.01476685 0.04391489
v -0.00707254 0.02369027 -0.01988703
v 0.03246410 0.05342803 -0.01152751
v 0.03246410 0.03885555 -0.01097007
v -0.03023542 -0.06192669 0.00243345
v 0.00930122 -0.05056365 0.01071601
v 0.01475914 0.02485923 -0.01824799
v 0.01342794 0.02399187 -0.01304383
v 0.01209674 0.06451651 0.01573297
v -0.04647606 -0.02693277 -0.01979967
v 0.01222986 0.02071795 -0.00714287
v -0.04501174 -0.03652781 -0.01982255
v 0.03406154 0.05820371 -0.01405471
v 0.00277834 0.03452083 0.05459361
v 0.01915210 0.02029779 0.03140369
v 0.02461002 0.06478275 -0.00365471
v -0.03263158 -0.02965757 -0.02292799
v -0.03942070 0.03425043 -0.01881167
v 0.01648970 0.06157331 -0.01001119
v -0.04754102 -0.00456237 -0.00383775
v -0.02158262 0.05988851 0.01789825
v 0.00570698 0.04332547 0.02920513
v 0.00850250 0.00889107 -0.02161759
v 0.01941834 0.04212323 0.00299297
v -0.02690742 0.05740291 -0.02143247
v -0.01599158 -0.01497069 0.04524193
v -0.03502774 0.05161219 -0.01096591
v -0.03090102 -0.06449133 -0.00816831
v 0.04684106 -0.03722045 -0.01166687
v -0.00494262 0.03794659 0.02837937
v -0.03356342 -0.04334397 0.01239457
v 0.01688906 -0.01832573 -0.00555583
v 0.01555786 0.06425027 0.01647969
v 0.01835338 0.02003363 0.04506513
v -0.03476150 -0.04783677 -0.01717055
v -0.02930358 -0.03249885 -0.02548847
v -0.01971894 0.06055203 -0.00936015
v 0.01169738 -0.00704173 -0.00007503
v -0.03600742 0.04766851 -0.01478063
v -0.03733862 0.04186739 -0.02896623
v 0.02402970 0.03372419 0.00231905
v -0.03321190 -0.03619501 0.01145857
v 0.03494554 -0.03450813 -0.02845039
v -0.02229606 0.04535763 0.00414945
v 0.01724058 0.02032483 0.00102529
v -0.03454310 0.04777459 -0.00493807
v -0.03041638 -0.05682861 0.00831777
v -0.03853670 0.03992883 -0.01037103
v -0.03853670 0.04207539 -0.00786047
v -0.03440998 -0.02923117 0.00505841
v 0.02695834 -0.01875005 -0.00482367
v 0.03787418 -0.05669133 0.00266017
v 0.01338010 0.02372147 -0.00964719
v -0.00286054 0.04783907 0.03081505
v 0.01897114 0.01706963 0.01210753
v -0.00006502 0.01422419 -0.01959583
v -0.03547494 0.04116851 -0.01622207
v -0.03001702 -0.01704653 -0.00053679
v 0.01511066 0.02670835 -0.02082095
v -0.03520870 0.03697731 -0.00361103
v 0.00978586 -0.02294125 0.00259569
v -0.03787110 0.05098611 -0.01315407
v 0.01817242 0.03356819 -0.01593503
v -0.04306278 -0.00144445 -0.00245663
v 0.03601050 -0.05352765 -0.02347711
v -0.03893606 0.03365347 -0.02531999
v -0.00618854 0.02185987 0.03416385
v 0.00472730 -0.02048893 -0.01917567
v -0.00885094 -0.02019981 -0.00450127
v -0.02655590 0.05338227 -0.02541775
v -0.04426086 -0.05154957 -0.01542543
v -0.01830246 0.01630627 0.04450145
v 0.01577626 0.06422323 0.00580721
v 0.01173482 0.02176419 -0.01494703
v 0.01453034 0.06383011 -0.00605919
v 0.01453034 0.02339907 -0.00312847
v -0.02766870 0.04651203 -0.02846287
v -0.03445782 0.04860867 0.00741297
v -0.03445782 0.04027203 -0.01801919
v -0.03578902 0.04901219 -0.00807887
v 0.04195306 -0.02864253 0.00142881
v 0.02983914 -0.01426973 -0.00008543
v 0.03809258 -0.05937037 -0.00435983
v 0.00814058 -0.02596349 0.00683265
v 0.02730986 0.05707219 -0.02661999
v 0.02730986 0.03234515 0.00035969
v -0.02993174 -0.05921229 -0.02190047
v -0.03805206 0.04628947 -0.01013599
v -0.01608726 -0.02526669 -0.01982255
v -0.02287638 0.03191667 -0.02072111
v 0.03303402 0.03996003 -0.01548159
v -0.00490518 0.04536595 0.04470529
v 0.01692650 0.02775459 -0.02031135
v 0.02384874 0.03401539 -0.02408655
v 0.00068586 -0.02386477 -0.01940655
v 0.03476458 0.03865795 -0.00726351
v 0.02251754 0.03416307 -0.00324495
v 0.04434922 -0.04661581 -0.01592255
v 0.03756010 -0.04161549 -0.02795119
v -0.02647062 0.05819955 -0.00066367
v 0.02127162 0.04168851 -0.01538383
v 0.01727802 0.02621539 -0.01760527
v -0.02358982 0.05618403 -0.00466351
v 0.01048890 0.00068547 -0.02224159
v 0.03232058 0.05646483 -0.01515087
v -0.03716806 -0.05357549 -0.00637119
v -0.02212550 0.02650451 -0.01433343
v -0.03437254 -0.04564029 -0.01800671
v -0.02731718 0.02806659 0.00141633
v -0.00002758 -0.00374077 -0.01876175
v 0.01781050 -0.00909261 0.00794337
v 0.01781050 0.01255395 -0.00084255
v -0.02305734 -0.02173485 -0.02054847
v 0.01647930 0.06287123 0.01473249
v 0.01381690 0.01773731 0.00012673
v 0.01661242 0.04805331 -0.01822719
v 0.04390202 0.00087267 -0.01523199
v -0.00921286 -0.00492013 -0.02181103
v 0.03578170 -0.02221741 -0.02029471
v -0.02145990 0.02724499 -0.01683983
v -0.02279110 0.04743555 0.00184065
v -0.00641734 -0.01843805 -0.02122239
v 0.00316730 -0.00661325 -0.01853295
v 0.03724602 -0.03405261 -0.02666159
v -0.01999558 -0.02400205 -0.01887199
v 0.01408314 0.05853027 -0.01475983
v -0.01720006 0.06054163 0.02005105
v -0.03490502 0.04592755 -0.01893647
v 0.00463162 -0.03693757 0.01287297
v 0.00742714 0.02441411 -0.01933999
v -0.03344070 0.04034067 -0.00106511
v -0.00615110 0.01293459 -0.01952927
v -0.02510198 0.04198803 -0.01706031
v -0.00180598 -0.01573197 -0.00035375
v 0.02002570 0.04522243 -0.01619087
v -0.00992630 0.05264179 -0.01842687
v -0.00992630 0.02222387 -0.01714975
v -0.00579958 0.04275139 0.05508865
v -0.03575158 0.03651971 -0.00971999
v -0.01937782 0.01959267 0.00770417
v 0.04744842 -0.03754701 -0.00424335
v 0.01203850 0.01982355 -0.01123631
v -0.01658230 0.00505347 -0.00149151
v -0.03428726 0.03788211 -0.00232767
v -0.02337142 0.03482243 0.00292641
v 0.01762954 0.05869667 -0.01184367
v -0.01778038 0.05816627 -0.01383423
v 0.02042506 0.03471427 -0.00340927
v 0.03147402 0.03980403 -0.00806431
v 0.03147402 0.05574307 -0.00974703
v -0.03122550 -0.02711789 0.00506049
v 0.01789578 0.03323747 -0.01734111
v 0.03160714 0.05130227 -0.01913615
v 0.01949322 -0.00033373 0.00955953
v 0.03586698 0.04437587 -0.02729183
v 0.04132490 -0.04035085 0.00233569
v 0.01816202 0.02856371 -0.00210719
v 0.01816202 0.01478371 -0.00425999
v -0.03907958 0.04009523 0.00241473
v 0.01683082 0.02515459 -0.00789167
v 0.03600010 -0.01404093 -0.00013327
v -0.03872806 0.03577507 -0.01840191
v -0.03872806 0.00118675 -0.00224447
v 0.03488730 0.04493123 0.00773121
v 0.00626650 -0.01849629 -0.00497967
v -0.02235430 -0.05793933 0.00706145
v -0.01955878 0.02202003 0.01273985
v 0.01185754 0.02225091 -0.01325391
v 0.03235802 -0.01530141 -0.00105887
v -0.00984102 0.02130243 -0.01708527
v -0.03846182 0.02645043 -0.00721567
v 0.03382234 0.04054867 0.00667249
v 0.00387034 0.04626451 0.04175377
v 0.00387034 0.02268771 0.03341713
v -0.01516582 -0.01889981 0.04528769
v -0.01915942 0.02180995 0.00148497
v 0.01904602 0.04040099 0.00021617
v 0.03408858 0.03903859 -0.01391327
v -0.02315302 0.02683315 -0.00630671
v 0.02184154 0.03535907 -0.00264175
v -0.03540006 -0.02873821 -0.00071567
v -0.03806246 0.05552883 0.00271633
v 0.03555290 0.05000643 0.00047825
v -0.02847782 0.05034131 -0.02757471
v 0.02064346 -0.01051741 0.02192305
v 0.03701722 -0.02406029 0.00265809
v -0.00930854 0.01007459 -0.01916527
v 0.02210778 0.06533811 -0.01405679
v 0.00986074 0.00562339 -0.02179439
v -0.00784422 -0.02583661 0.00554305
v -0.03233830 0.04290323 -0.02898287
v 0.01678298 0.01416595 -0.00079055
v -0.03500070 -0.02385437 -0.00370463
v -0.03633190 0.04901427 -0.00357151
v -0.03087398 -0.06287933 -0.01607855
v -0.02674726 0.03628051 -0.02773695
v 0.00733146 -0.00535485 -0.02177983
v -0.02262054 -0.02479037 0.00248337
v 0.02237402 0.04038851 -0.02781599
v -0.00478246 -0.02117325 -0.00293919
v -0.01702950 0.01778723 0.04487169
v -0.03318486 0.05731763 -0.02141167
v -0.02360022 0.05600931 -0.01018175
v 0.02139434 0.03652803 -0.01961663
v 0.00368938 -0.05921645 0.00331953
v 0.03776810 -0.05137069 -0.02405951
v 0.02006314 0.06042099 -0.02244127
v 0.02285866 0.03363891 0.00069457
v 0.03377450 0.05051187 -0.01305007
v 0.00515370 0.04382051 0.05490353
v -0.01787606 -0.00556493 0.00191345
v 0.03257642 0.03869747 -0.00813503
v 0.01899818 0.03504083 -0.00411855
v -0.04370134 -0.05341949 -0.01258623
v 0.01766698 0.03249283 -0.01469743
v -0.01228502 0.01897907 -0.01269023
v 0.03417386 0.04512051 -0.00122943
v 0.00555306 0.04670547 0.02487665
v 0.02192682 0.03147987 -0.01824591
v -0.02985686 -0.04758301 0.01276273
v -0.01481430 -0.02172445 0.04397937
v -0.03518166 -0.05283501 -0.00783759
v 0.03590442 0.04651619 -0.02153855
v 0.03603754 -0.05086941 0.00939521
v -0.00882390 0.01620435 -0.02402831
v 0.04708650 -0.02988845 -0.00078847
v -0.04423382 -0.04421133 -0.01086191
v 0.03483946 0.04817603 -0.00054927
v 0.02400890 0.04414499 -0.02888511
v -0.01140102 -0.01713389 -0.00041407
v 0.03226234 0.06488675 -0.01857039
v -0.01393030 0.01436979 0.04785025
v 0.03798650 -0.04150109 -0.01911327
v 0.01349242 -0.01783069 -0.00561199
v 0.03399290 0.05096323 -0.00102143
v 0.00537210 0.03859971 0.02766385
v -0.04774278 -0.00708749 -0.00875487
v -0.01366406 0.02134403 -0.00437647
v -0.03682694 0.02455347 -0.00310143
v -0.01632646 -0.00621389 0.04599489
v 0.01775226 0.06211827 -0.00579087
v 0.03958394 -0.04909933 -0.00937055
v -0.03669382 -0.04431949 0.00095249
v 0.01788538 0.00244931 0.04678945
v -0.03522950 -0.04492477 -0.01828127
v 0.03292794 0.06602035 -0.01187071
v 0.01801850 0.03311059 -0.01326015
v 0.01535610 0.02901715 -0.02117247
v -0.01326470 0.01968627 -0.00266879
v -0.02684294 0.04019715 -0.02796575
v 0.00044666 -0.02093613 0.04252961
v -0.03629446 0.00318771 -0.00441391
v -0.03762566 0.03252819 -0.00652303
v 0.03199610 0.05093619 0.00835105
v 0.03199610 0.06380099 0.00023073
v -0.02111878 0.05085715 -0.01736815
v -0.04561286 -0.02989053 0.00011009
v 0.01575546 -0.01764765 -0.00499007
v 0.02121338 0.05054099 -0.01662559
v -0.03328054 -0.04803853 -0.02673023
v 0.01171402 0.00764515 -0.02310271
v -0.01690678 -0.01317981 0.02032145
v -0.01823798 0.00327091 0.00215889
v 0.03767242 -0.04390765 0.01096977
v -0.03727414 0.04567171 -0.00672063
v -0.02635830 0.00909907 -0.00262095
v -0.03314742 0.02614259 -0.00062831
v 0.03234762 0.04125587 -0.01143807
v 0.00918474 0.00832947 -0.02271791
v -0.01943606 0.05562659 -0.01581855
v 0.04739018 -0.04134925 0.00103569
v -0.03847222 0.02610099 -0.01349519
v 0.03514314 0.05681011 -0.01721423
v 0.03514314 0.04675747 -0.02893919
v 0.03793866 -0.05949725 -0.01085567
v 0.03114954 -0.00450413 -0.00072607
v 0.03660746 0.03670899 -0.01178959
v 0.01344458 -0.06026893 -0.01569999
v 0.02848714 -0.02187629 -0.01933583
v 0.02995146 0.04607939 -0.00219455
v 0.02049994 0.04751043 0.00509377
v 0.01916874 0.00730819 0.01292497
v -0.03807286 -0.05237741 -0.00298287
v 0.01783754 0.04227299 0.00323217
v -0.04073526 0.05215507 -0.01532767
v -0.03527734 -0.02772109 -0.01950639
v -0.02010166 0.04459635 0.02401969
v 0.03035082 0.04600035 -0.00131679
v 0.03727306 0.03303987 -0.00834303
v 0.03594186 -0.02024349 0.00070497
v 0.03873738 -0.04971917 -0.01004447
v 0.00332746 0.06016931 0.02065841
v -0.01983542 0.02729907 0.01296657
v -0.03474486 0.03435443 -0.01111983
v 0.01983434 0.00231203 0.01135665
v -0.02640614 0.02418739 -0.00945375
v 0.01725722 0.06207875 -0.00817455
v -0.02361062 0.05590115 -0.00317423
v -0.00723686 0.04474403 0.02520529
v -0.03306214 -0.05352973 -0.00289759
v -0.01256166 0.02207619 -0.01001535
v 0.01752346 0.04435299 0.02325841
v -0.04517606 -0.04253069 -0.00298911
v -0.01788646 -0.02237133 -0.01895935
v 0.00674074 -0.01931373 -0.00543311
v -0.03958502 0.04612723 0.00220673
v 0.00820506 0.01989427 -0.01753663
v -0.00537318 0.01344003 -0.02241423
v 0.02058522 -0.01889981 0.04226129
v 0.01925402 0.06185411 -0.01262783
v -0.03798758 0.05142499 -0.01089311
v 0.01113370 0.02088851 -0.01661935
v 0.00447770 -0.00940461 -0.02179855
v -0.00497382 0.04753747 0.02495153
v 0.01832218 0.01436563 -0.00274159
v -0.01841894 0.00341027 0.00467985
v -0.01975014 0.02369027 -0.00869247
v -0.03199718 -0.06006093 -0.01985999
v 0.01712410 0.04917651 0.00629185
v -0.03465958 -0.04970253 -0.01573951
v -0.00058086 -0.00890957 -0.02167375
v -0.02374374 0.04389955 -0.01677119
v 0.02399850 0.04566547 0.00820753
v 0.03491434 0.05880067 0.00043873
v -0.04549014 -0.01175293 -0.02219167
v -0.01141142 0.00568371 -0.01903839
v -0.01260950 0.02228003 0.03210881
v 0.03651178 0.03322915 -0.01935663
v 0.01880682 -0.01956957 0.04342401
v 0.01201770 0.06362211 -0.00781679
v -0.03430806 0.03468723 -0.00899615
v 0.04343402 -0.04400541 -0.01789023
v 0.02027114 -0.01027405 0.04568497
v 0.02027114 -0.00947949 -0.00054303
v -0.03697046 0.03890547 0.00813265
v -0.02059670 0.02709523 -0.00540399
v -0.02046358 0.03702099 0.00541617
v -0.03404182 0.05119619 -0.01115727
v 0.04503146 0.00011971 -0.00173903
v -0.01766806 -0.00847277 0.00686801
v 0.01507946 0.06483059 0.01027713
v 0.03557994 0.03705843 0.00402465
v -0.01620374 -0.01965693 0.04351969
v 0.01787498 0.03613699 0.00470897
v 0.00562794 -0.02033501 0.04464081
v 0.02745962 0.02930419 -0.00657295
v -0.03657110 0.04994611 -0.00539151
v 0.01933930 0.01246243 0.00975505
v -0.03377558 0.03731635 -0.01740143
v 0.04809322 -0.04041949 -0.01713311
v -0.03630486 0.05570979 0.00258529
v -0.03763606 0.03711459 -0.02829855
v 0.03597930 0.03787795 -0.01354927
v 0.04689514 -0.04438605 0.00000609
v 0.04689514 -0.02423293 -0.01905295
v -0.03896726 0.03584371 0.00482753
v -0.03350934 0.05032883 0.00680145
v 0.01561194 -0.03328093 0.01207009
v -0.04407366 -0.04511405 -0.00455535
v 0.03499962 -0.03845805 0.01318497
v 0.01729466 -0.02257933 -0.01922767
v -0.04540486 -0.03977885 -0.01057695
v 0.00371642 0.03566899 0.04336369
v -0.01398854 -0.02101933 -0.02071071
v 0.03100602 0.05146659 -0.00420175
v 0.02421690 0.03172739 -0.02132223
v -0.03848262 0.02968483 0.00105233
v -0.03302470 0.04120595 -0.00147487
v 0.03513274 0.04187363 -0.00273951
v -0.03981382 0.03756387 -0.02578175
v -0.01252422 0.01986307 -0.00549551
v 0.03939258 -0.04214797 -0.01845391
v -0.04101190 0.05824531 -0.01301263
v -0.04101190 0.05500259 -0.01951263
v 0.01356730 -0.01612925 -0.00064287
v -0.02730054 0.02496739 -0.01546703
v 0.00544698 0.04048627 0.03020977
v 0.01236922 0.02004611 -0.00084463
v -0.00666694 0.02099043 -0.02077519
v -0.03528774 -0.02456365 -0.00213839
v -0.01345606 0.02369859 -0.02020943
v -0.03116102 -0.01905165 -0.00058463
v 0.04245434 -0.04529709 0.00020577
v 0.01929146 0.06081827 -0.01948975
v 0.00571322 0.04423859 0.02729985
v -0.02556998 0.05880275 -0.00368591
v -0.03914822 0.03865379 -0.02758095
v 0.03446714 -0.02814541 -0.02566735
v -0.01984582 0.02260867 0.00863809
v -0.03209286 -0.05136029 -0.02725023
v 0.01835962 0.05562451 0.00263937
v -0.04021318 0.04688851 -0.02215007
v -0.03600118 0.02466995 -0.01710815
v -0.00192246 0.02033731 -0.02400127
v -0.00045814 -0.01882285 -0.00444095
v 0.00499978 0.02469075 -0.02031759
v -0.02495222 0.04361459 -0.01657983
v -0.01124086 0.01064035 -0.02351455
v -0.03573494 0.04715683 -0.00195951
v -0.02615030 0.05396883 -0.01476607
v 0.02842890 -0.01943645 -0.00170575
v -0.02468598 0.04762275 -0.01463503
v -0.02721526 0.02405219 -0.01179583
v 0.02736394 -0.01819053 -0.00546639
v -0.03387126 -0.05285581 -0.00835343
v -0.03786486 -0.04370173 0.00155777
v -0.01736438 -0.00054797 -0.00130847
v 0.01671434 0.02438499 -0.00191167
v 0.00313610 0.03563987 0.02736017
v -0.04452086 -0.04765373 -0.01825839
v 0.03455242 0.05117123 0.00783105
v 0.01684746 0.01553875 0.00041793
v -0.00631542 0.04319859 0.04204289
v -0.03493622 0.05927283 -0.01739103
v 0.04826378 -0.04639949 -0.00911055
v -0.02122486 0.05798947 0.01991793
v 0.03468554 0.06186451 -0.01786319
v -0.02388726 0.03737875 -0.01786527
v 0.03481866 0.06090979 -0.00763167
v 0.02398810 0.03112835 -0.00273327
v 0.02545242 -0.05800589 0.00263105
v -0.02087334 0.04436755 0.00588209
v -0.03990950 0.04811571 0.00617329
v 0.03517018 0.03796115 -0.01062687
v 0.04475482 0.00003443 -0.01000703
v 0.01892954 0.01386019 -0.00948079
v 0.00135770 -0.05637725 -0.02292799
v 0.01227354 0.02335123 -0.01411087
v 0.01240666 0.06208083 -0.01132575
v 0.01786458 0.03681715 -0.00115247
v 0.01653338 -0.01594413 0.03444257
v -0.03525030 0.03660707 -0.01339743
v 0.03290714 0.04915363 -0.00551423
v -0.00383398 -0.03803373 -0.02865423
v -0.03378598 -0.03976637 -0.02625183
v -0.00649638 0.04503731 0.02650945
v -0.03511718 0.04827587 -0.00324703
v -0.02965926 -0.03262989 0.01018769
v 0.00987738 0.02965571 0.02849793
v -0.01874342 0.02640051 0.02844385
v -0.02553254 0.03851235 0.00699489
v -0.02273702 0.05509203 -0.00461775
v -0.03351974 0.03840211 -0.00264799
v -0.04030886 0.05566403 0.00019329
v -0.00077222 -0.00810253 -0.02088543
v -0.02659750 0.05972627 -0.01159199
v -0.02792870 0.05740499 0.00153073
v -0.02925990 0.00733315 -0.01137983
v -0.02513318 0.03648019 -0.02655967
v 0.03623514 0.04118307 0.00463617
v 0.01861546 0.05248579 0.00429089
v 0.02141098 0.05314931 -0.01550863
v 0.00237482 0.01403907 -0.02308815
v -0.02211926 0.05577011 -0.00172447
v -0.03143766 0.06125299 -0.00659999
v -0.03143766 -0.05462797 0.00983617
v 0.00264106 0.04730659 0.03501665
v -0.02597974 0.04427603 -0.01780287
v 0.03818410 -0.02425789 -0.02030095
v 0.03685290 -0.01992941 0.00035345
v -0.01892438 0.01365843 -0.00284351
v -0.04754518 -0.00572093 -0.01057279
v -0.01346646 0.02208451 -0.00863007
v -0.03796054 -0.04672189 0.00145169
v -0.03929174 0.05050771 0.00600897
v -0.00241750 0.01413267 -0.01974767
v 0.01941418 -0.00742653 0.00664129
v -0.03370070 0.03510115 -0.01009439
v 0.02220970 0.06061859 -0.02322335
v 0.00863146 0.01707587 -0.02372671
v -0.00361558 0.02177875 -0.02037583
v 0.01834922 0.01433651 0.04767761
v -0.01839190 0.03866211 -0.02021151
v -0.03609686 0.02365907 -0.01256127
v -0.00880726 -0.03205789 0.01076177
v 0.04710314 -0.04093325 -0.00975119
v -0.03875926 0.03320003 -0.00216127
v 0.00623530 0.01161379 -0.01958335
v -0.04280070 -0.05410797 -0.01170639
v -0.04000518 0.04289907 -0.02645567
v 0.01044730 0.01778931 -0.01830415
v -0.03175174 -0.04010749 -0.02826111
v 0.01736954 0.02116307 0.04258369
v -0.03574534 0.04375603 -0.01597247
v 0.03241210 0.04106035 -0.01615551
v 0.01470714 0.03475795 -0.02088127
v -0.04253446 -0.05297437 -0.00330527
v -0.03840774 0.04703411 -0.01862655
v 0.02296058 0.03316259 -0.00391055
v 0.03254522 0.05488819 -0.00379407
v 0.00805114 0.03865171 0.02665713
v 0.01896698 0.01872947 0.04599073
v 0.02988282 0.00757235 -0.02061711
v -0.03281670 0.04049875 -0.00218415
v 0.03534074 0.05303907 -0.01965823
v 0.03534074 0.05437651 -0.02461695
v -0.01644294 0.00822131 -0.00058463
v 0.03400954 0.04500195 -0.02898703
v -0.00140038 0.04967155 0.02377217
v -0.02562822 0.04579443 -0.01576239
v 0.01803514 0.03263427 0.01847025
v -0.04053766 0.05520019 -0.02110383
v -0.02003718 0.05253779 0.02232033
v 0.01816826 0.03317923 0.02588961
v -0.03907334 0.03924035 0.00613169
v -0.03361542 -0.05139149 -0.00205311
v -0.03361542 -0.03694381 -0.02678223
v -0.01444614 0.01709459 -0.01715391
v 0.00605434 0.04253091 0.04343649
v 0.01697018 0.05865923 0.00013713
v -0.03481350 0.05140419 -0.00971791
v 0.02109690 -0.00853309 0.04420401
v 0.03201274 0.05746323 -0.01296479
v -0.03880710 0.04323187 -0.01048959
v 0.02801914 -0.05300765 0.00831153
v -0.03468038 -0.02535613 -0.00040575
v 0.02123002 0.03719779 -0.02412191
v 0.01851978 0.02162483 0.00707185
v 0.01851978 0.00718963 0.00101073
v 0.00627274 0.04111651 0.05395505
v -0.04551094 -0.03927341 -0.00564111
v -0.01955254 0.02386499 -0.01840191
v -0.04404662 -0.03828333 0.00109601
v -0.03579318 -0.03867853 -0.00011663
v -0.01529270 0.01964467 -0.00003343
v 0.01878602 -0.01885821 0.04454305
v -0.03832246 0.04489171 -0.00832223
v -0.03419574 -0.02211341 -0.00414351
v 0.01625674 0.04147635 -0.01975183
v -0.03552694 -0.05277053 -0.01168767
v -0.03805622 0.03436067 -0.00316383
v -0.01076662 -0.02184509 0.04252129
v 0.01106506 0.01799315 -0.01678367
v 0.01106506 0.01888963 -0.01617423
v 0.01252938 -0.00312093 -0.02227903
v -0.01609142 0.01376867 -0.00229855
v 0.02211402 0.03574595 0.00182193
v -0.03778998 0.02501731 -0.00423503
v -0.00504246 0.03647187 0.05156513
v 0.04541002 -0.01163229 -0.00034335
v 0.02091594 0.05108803 0.00690337
v 0.04687434 -0.03671917 0.00180737
v 0.01825354 0.03434611 -0.00393551
v 0.02371146 -0.01774333 -0.00577631
v 0.01146442 0.05010419 -0.01967695
v -0.01848758 0.01284515 0.00116673
v -0.01302966 -0.02055133 -0.00415391
v -0.03619254 0.04839027 -0.01627407
v 0.01425994 0.01606499 -0.00118783
v -0.02660790 0.05473011 0.00282033
v 0.01838666 0.05464483 -0.01337871
v 0.03476042 -0.01705693 -0.00357775
v 0.03755594 -0.04889757 0.00992769
v 0.03218330 0.04703411 -0.01638431
v 0.00356250 -0.01887693 -0.00508575
v 0.03497882 0.04126211 0.00673905
v 0.03497882 -0.01868973 -0.00151023
v -0.02772070 0.06041475 -0.01461423
v -0.01946726 -0.06139629 0.00230449
v 0.03098522 0.05256691 -0.00360063
v 0.01873818 0.02519619 0.02811729
v 0.03511194 0.03216211 -0.01990991
v -0.02758758 0.02544787 -0.00267711
v -0.02758758 0.02813107 -0.02183183
v 0.01061786 -0.02143949 -0.00064079
v 0.00928666 -0.01732525 -0.00199695
v 0.02299802 0.04958003 0.00807025
v 0.02033562 0.04242483 -0.01533599
v -0.03690598 0.03102851 0.00491905
v -0.04369510 -0.03242813 -0.02059839
v 0.01767322 0.02354051 0.00087969
v -0.01906790 0.02465747 0.02770753
v -0.02039910 0.04441747 -0.01950015
v 0.04775834 -0.04176941 -0.00528335
v -0.03264614 -0.05440749 -0.02466687
v -0.03663974 0.03302947 -0.02673439
v 0.00436122 -0.04150109 0.01317665
v -0.02146406 0.01320915 -0.00387935
v 0.01261466 0.01804099 -0.00724479
v -0.04050022 0.05121907 0.00296801
v 0.03457946 0.05474467 0.00618577
v 0.00595866 0.01804307 0.04654401
v 0.00595866 0.03926531 0.05560241
v -0.01161318 0.00582099 -0.02203567
v 0.00476058 0.03605795 0.05511569
v 0.01567642 0.06410467 0.00122081
v 0.03750810 -0.05433053 0.00613585
v -0.02652262 0.04953219 -0.01501567
v -0.01693798 -0.00109501 -0.00066575
v 0.03493098 0.03987891 -0.01612639
v -0.02364182 0.00892851 -0.02318383
v -0.02084630 -0.02222989 -0.01956047
v 0.01735914 0.05553299 0.00343393
v -0.03575574 0.04921187 -0.00648767
v -0.01938198 0.01820323 0.01320161
v 0.03107050 0.04836947 -0.01801295
v -0.03296022 0.03485363 -0.01038351
v 0.01482986 -0.05046589 -0.02654511
v -0.01911574 -0.01145133 -0.00080303
v 0.03679466 -0.02874861 0.00682225
v -0.02590486 0.05106931 -0.01580191
v -0.02177814 0.06151715 0.00330497
v -0.01086230 0.01872947 0.04443073
v -0.03535638 0.04723379 -0.01780911
v -0.02444054 0.05104227 -0.01453311
v 0.03692778 -0.03491997 -0.02795119
v 0.03559658 -0.05920397 -0.00132303
v -0.04068118 0.04775587 -0.02461903
v -0.00793366 0.01303651 -0.02356655
v 0.02481386 0.06514467 -0.01543375
v 0.03439850 0.04532643 -0.01027327
v -0.04600598 -0.03165853 -0.00198863
v 0.03173610 0.03130515 -0.00197407
v -0.03229462 -0.02167245 -0.00361519
v -0.02683670 0.05993219 -0.00436607
v 0.03320042 0.05023315 -0.02911599
v 0.01962218 0.05265011 0.00474017
v 0.03599594 0.04638723 0.00034721
v -0.02523926 -0.02112541 -0.00357567
v 0.03892458 -0.04882061 -0.01311247
v 0.03213546 0.06070595 -0.02436111
v 0.00080442 0.04626243 0.05553169
v 0.03488314 0.05386067 -0.02203359
v 0.01717818 0.06147971 -0.01036063
v -0.03314118 -0.05380429 -0.00963679
v 0.03648058 0.03911555 -0.01881583
v -0.01796550 0.02098627 0.00090465
v -0.03833286 0.03940259 0.00788305
v 0.02849338 0.06145891 -0.02303823
v 0.01078842 -0.01811981 -0.00528335
v -0.03553734 0.05146035 -0.00953903
v -0.04232646 -0.05374605 -0.00585119
v -0.02049478 0.04280339 0.01576833
v -0.03407302 0.04638931 -0.00283727
v 0.00280122 0.01964883 -0.02379535
v 0.03687994 -0.03353053 0.01109665
v -0.02581958 0.04122675 0.00750033
v 0.01371706 0.01679091 -0.00297455
v -0.03806662 0.03182723 0.00438241
v 0.00013882 0.04827171 0.03407441
v -0.03527110 0.04393075 -0.00129807
v -0.01889734 0.02283955 -0.01106783
v 0.02063930 0.05225699 -0.02194207
v -0.03367366 0.03426707 -0.00832015
v -0.03500486 0.03566067 -0.01333711
v -0.04179398 -0.02373165 -0.02127647
v 0.03461690 0.02971811 -0.00835343
v 0.04553274 -0.00152141 -0.01802959
v -0.01849798 0.00692755 0.01406897
v -0.00345542 0.04373107 0.05641153
v 0.00612922 0.01196947 -0.02269087
v -0.01969606 -0.06334109 -0.00215711
v -0.00878022 -0.00435437 -0.02078351
v -0.02373750 0.03376787 -0.02240799
v -0.01827958 0.01917459 0.00177201
v -0.02639990 0.00236403 -0.00201775
v 0.03230602 0.04528483 -0.01894063
v 0.02005898 0.06355555 -0.01641343
v -0.04264054 -0.00504493 -0.02270335
v 0.03643274 -0.01603565 -0.00062623
v -0.02626678 0.05901075 -0.00804559
v -0.03838070 0.05166835 0.00585921
v -0.02200694 0.03648019 0.00386657
v -0.01654902 0.02467203 -0.02079599
v -0.03971190 0.03763875 -0.02045695
v -0.03558518 -0.02291213 -0.00374415
v 0.01766282 0.02710771 -0.01820431
v 0.01633162 0.06196019 0.00104817
v -0.01228918 -0.00416717 -0.02244959
v 0.01100682 0.06125923 0.02040257
v -0.03531894 -0.03461005 -0.00079887
v -0.02986102 -0.06422509 -0.01180623
v -0.00390262 0.05259603 0.02266145
v -0.03931254 0.03414019 -0.02330447
v -0.02293878 0.05390643 -0.00372335
v 0.02618250 -0.01725245 -0.00554751
v 0.03576714 0.04888323 -0.02722319
v -0.03372150 -0.05068637 -0.01504687
v 0.03443594 0.05622563 -0.02670527
v 0.02218890 0.03461859 -0.02362271
v -0.00363638 0.04689475 0.03896657
v 0.01965962 0.05645651 -0.02173407
v -0.03212406 -0.03605981 -0.02714623
v -0.01575030 -0.02054925 0.04238817
v -0.03891318 0.06007571 -0.01373647
v 0.00608138 0.05997587 -0.01365327
v 0.01979274 0.00845427 0.04685809
v -0.00603254 -0.01969645 -0.00450335
v -0.03869478 0.05826611 -0.01894687
v 0.01189082 0.01834051 -0.01470575
v -0.02351910 -0.01899965 -0.00095279
v -0.04122406 0.05687043 -0.00705135
v 0.03518682 -0.04762461 0.01120897
v -0.02205478 0.05712003 -0.01022543
v -0.00022310 0.03508243 0.03820529
v -0.03563302 0.03719987 -0.00663119
v -0.01646374 0.00715843 -0.00175567
v 0.03132634 -0.02158509 0.00349009
v -0.03816230 0.05858851 -0.00162463
v -0.00261926 -0.06224909 -0.01305215
v 0.03012826 0.03496179 0.00301585
v 0.02613466 0.02924803 -0.01320399
v 0.00297178 0.02240483 -0.01968319
v -0.03243814 -0.03433965 -0.02618735
v 0.03438810 0.04830083 -0.00894623
v 0.03305690 0.06589555 -0.00761503
v 0.02493658 0.03524259 0.00371681
v 0.00723162 0.02352595 -0.01846639
v 0.01814746 0.02884867 -0.01065183
v 0.02227418 0.05827443 0.00477761
v -0.04042534 0.05211555 -0.00198447
v -0.04042534 -0.05416205 -0.00867791
v 0.02094298 0.01304483 -0.00336975
v -0.00221990 -0.00861629 -0.00072607
v 0.00869594 -0.01865021 -0.00541855
v 0.03052762 0.06580611 -0.01507391
v 0.03598554 0.04192355 -0.02325039
v -0.02125606 -0.02118989 -0.00391263
v -0.01167142 -0.01986077 0.04546449
v 0.02240730 0.04571331 -0.01735775
v 0.00749786 0.01097731 -0.02300287
v -0.01566502 -0.01509341 0.02252001
v 0.00616666 0.05336563 -0.01860783
v -0.03470118 0.05022899 -0.00950159
v -0.01832742 0.02342403 0.03002049
v -0.01691094 0.01487731 0.04728657
v -0.03594710 0.02678531 -0.02143455
v 0.01996330 0.05004179 -0.02585663
v 0.01996330 0.01520179 0.04615297
v -0.03315158 -0.04491437 -0.02822783
v -0.03714518 0.03055843 -0.02503295
v -0.02343382 0.05044115 -0.01509471
v 0.02022954 -0.00878477 0.01226769
v -0.03288534 0.03456867 -0.00888799
v 0.01756714 0.03469763 0.02705441
v 0.00944682 0.00549443 -0.01949183
v 0.03407402 0.04503731 -0.01283791
v -0.02582998 0.04827795 -0.02764543
v 0.01916458 0.04961539 0.00457169
v -0.01744342 -0.00813373 0.00358577
v 0.03846698 -0.05542877 -0.01847679
v 0.04392490 -0.00808173 -0.02160303
v -0.01877462 0.00256163 -0.00200111
v -0.01331670 -0.01751037 0.03167201
v -0.03501526 0.04289907 -0.01825631
v -0.03634646 0.05028723 -0.01390287
v 0.03047978 0.06572083 -0.00395007
v -0.03900886 0.04990659 -0.00432031
v -0.03621334 0.04796387 -0.00823487
v 0.01836586 0.02044963 0.00242097
v -0.03341782 -0.04111005 -0.02798863
v 0.01983018 0.04920563 -0.01659855
v -0.01283206 0.00351843 -0.02272831
v -0.00191622 0.04880419 0.02595825
v 0.02137978 0.04384131 -0.02235183
v -0.03852422 0.04445283 0.00818049
v -0.01123462 0.02023331 -0.01378015
v 0.04747130 -0.03232413 -0.01032943
v -0.01522822 -0.05496077 -0.02506831
v 0.01485690 0.04157411 0.02599153
v -0.03146886 0.02396691 -0.01093679
v -0.00684166 0.04250803 0.02769921
v -0.03546246 0.03561075 -0.00476127
v -0.04770950 -0.00793197 -0.02037791
v -0.03133574 0.05224451 -0.02643903
v 0.04773754 -0.04645773 -0.00542687
v 0.00008058 0.03616819 0.02891809
v -0.04757638 -0.00868285 -0.00303487
v -0.01749126 0.00449811 0.04635057
v 0.02071418 0.04332131 -0.02671151
v -0.04331654 -0.05238989 -0.01566047
v 0.03575674 -0.01821549 -0.00141039
v 0.03575674 0.05340099 -0.02043615
v 0.04667258 -0.03379885 0.00173249
v -0.01602694 0.02817475 -0.02114127
v -0.00644230 0.04034691 0.02865393
v -0.01323142 0.01885843 -0.00489647
v 0.03722106 -0.05881501 -0.01463295
v 0.00726906 0.01592355 -0.02385359
v 0.04680570 -0.03039805 -0.01927135
v 0.01818490 0.05722611 0.00076529
v 0.03455866 0.04824467 -0.01227839
v 0.03455866 0.06261955 -0.01085983
v 0.04560762 -0.00612445 -0.02093327
v 0.03336058 0.04236659 -0.01815647
v 0.03202938 0.04030947 -0.01015055
v -0.03067014 -0.02450957 -0.01894687
v 0.01711994 0.02957667 -0.02047567
v -0.03466374 0.03898451 -0.00476751
v 0.01578874 -0.00710621 -0.00065119
v -0.02645814 0.03131555 0.00429089
v -0.00462646 0.03657379 0.04117969
v 0.03491018 -0.01720877 -0.02039455
v -0.00049974 -0.04224989 -0.02908063
v 0.01454282 0.04619379 -0.01988287
v -0.00036662 -0.01981501 -0.00498799
v 0.03238090 0.05290803 -0.00745071
v -0.03298102 0.03885763 -0.01804831
v -0.01114934 -0.02159549 0.04495073
v -0.00569142 0.04020339 0.05571473
v -0.03564342 0.04401603 -0.00444927
v -0.02605878 0.05880275 -0.01380095
v -0.02060086 0.02839731 -0.00353407
v 0.03530954 0.04691971 0.00720289
v 0.02852042 0.00630563 -0.02293215
v 0.03677386 0.03110755 -0.01292735
v 0.01906890 0.03361811 -0.01667343
v -0.01088310 -0.00015901 -0.01856623
v -0.03950390 0.05696611 0.00009969
v -0.01900342 0.01543267 0.01074721
v 0.01374410 -0.00819821 -0.00070735
v 0.00429258 0.04179251 0.05605377
v 0.00296138 0.03309187 0.02768257
v 0.03704010 -0.05680781 -0.01929007
v -0.03377974 -0.04261181 0.00943265
v -0.03231542 -0.02638365 -0.01957711
v 0.04289738 -0.04895997 -0.01035439
v 0.01973450 0.00040259 0.00710929
v 0.01840330 0.02188899 0.03708209
v 0.00349386 0.04597331 0.04723457
v 0.02128410 0.04928259 -0.01775503
v -0.03595750 0.02552691 -0.01936703
v 0.04724250 -0.04822365 -0.00750063
v -0.01545702 -0.00859549 -0.00052847
v 0.01729050 0.04671379 0.01708705
v -0.00041446 0.03410275 0.04827041
v 0.03100186 0.05071571 -0.00142079
v -0.04527590 -0.04453373 -0.01497823
v 0.02155034 -0.01717549 0.04328465
v 0.01888794 -0.00708749 -0.00038079
v -0.02331110 0.03420259 -0.01954175
v -0.00281062 0.03649683 0.02841473
v -0.03955174 0.04163027 0.00521025
v -0.03409382 -0.04151149 -0.01863487
v -0.00680422 -0.00449581 -0.01801295
v -0.04487654 -0.04618525 -0.00308063
v 0.02061850 0.06276099 -0.01950015
v -0.00254438 -0.02021437 -0.00449503
v -0.03382758 0.04501443 -0.01860575
v 0.02208282 0.04883539 -0.02894543
v -0.00227814 -0.00640941 -0.01794431
v 0.01955354 0.03637827 -0.01826879
v -0.01718758 -0.00977277 0.02147169
v -0.04301286 -0.05415165 -0.00908351
v -0.03755494 0.04005779 -0.00634623
v -0.00347622 0.04858163 0.02462705
v -0.03888614 0.05572019 -0.02241423
v -0.00480742 0.04688227 0.03038865
v -0.04287974 -0.00372621 -0.00166415
v -0.03742182 0.04773507 0.00773121
v 0.00211482 0.01372915 -0.01969775
v 0.01857386 -0.05729869 -0.02029471
v -0.01683606 -0.05057197 -0.02750191
v -0.00046230 0.04852547 0.02965233
v 0.01591146 0.06199139 0.01912337
v 0.01324906 0.02403763 -0.00690575
v 0.01884010 0.06244483 -0.00410607
v -0.00432278 -0.02001261 -0.02053391
v -0.03294358 -0.05272269 0.01009201
v 0.03521386 0.04297811 -0.02807807
v -0.04519062 -0.04232269 -0.01210991
v 0.02163562 0.04130787 0.00593201
v -0.03560598 -0.02283517 -0.02063791
v 0.03534698 0.03979363 -0.00460527
v -0.03547286 -0.02001469 -0.00078639
v 0.03814250 -0.04814669 -0.02485199
v -0.04226198 -0.04889341 0.00065297
v 0.02190186 0.06323731 -0.01962079
v -0.01883286 0.00674243 0.00976545
v -0.00512150 0.02264403 -0.02018239
v 0.03721066 -0.02105261 -0.02040495
v -0.04452502 -0.04897869 -0.00099647
v -0.03906710 0.03408819 -0.02045695
v 0.03321706 0.06135699 -0.02351039
v -0.03347606 -0.05264157 -0.00475919
v -0.02801814 0.06009027 -0.00373583
v -0.01563798 -0.01902253 0.04031857
v 0.01844074 -0.00646349 0.00022033
v -0.01009478 0.00712307 -0.01853295
v 0.01719482 0.02365075 0.03341089
v -0.03458886 -0.05254797 -0.01191439
v 0.00508090 0.03924659 0.03360225
v -0.03578694 -0.02663325 -0.00157263
v -0.01941318 -0.02168493 -0.00355695
v 0.03516602 0.05394387 -0.00068447
v -0.03565382 -0.05011853 -0.00153519
v -0.00290630 0.03610787 0.03234177
v -0.02593606 0.02527939 -0.00502751
v -0.02593606 0.04904131 -0.02075023
v 0.00814266 0.00777827 -0.01912575
v 0.01905850 0.01323411 0.00366689
v 0.01905850 0.06296899 -0.01132991
v -0.03818310 0.05136259 -0.00812463
v 0.03543226 0.04823635 -0.02332943
v -0.01222470 0.01990467 -0.00967007
v 0.02731194 0.01005379 -0.00628383
v -0.00130886 0.04781827 0.03810545
v 0.03822778 -0.05960957 -0.00864255
v 0.02052282 -0.01016173 0.01635697
v -0.03671878 0.06077875 -0.00533119
v -0.03365702 -0.04309229 -0.01907999
v 0.00867514 -0.02661661 -0.02304863
v -0.01448774 -0.01965901 0.04001073
v 0.00068794 0.02161027 -0.02040703
v -0.03605318 -0.04152397 0.00000609
v 0.01985722 0.01199859 0.03673265
v 0.01861130 0.03464771 -0.01790063
v -0.01679862 0.02254211 -0.01814191
v -0.03996150 0.05727811 -0.01960207
v 0.00103946 0.04500403 0.05648017
v 0.03658250 0.03086003 -0.00947663
v -0.03836406 0.03085795 -0.00935391
v -0.03969526 0.04218771 -0.02307151
v -0.03144182 -0.05702621 -0.02394095
v 0.01901066 -0.02150189 -0.01878463
v -0.01906166 0.02254627 -0.00020607
v -0.01360374 0.06254259 0.01725969
v 0.01914378 -0.00572925 0.00122289
v 0.01781258 0.03157763 -0.00307231
v 0.00010762 -0.02112957 -0.01884495
v 0.03285514 0.04025955 -0.00514399
v -0.03383798 -0.02798733 0.00505841
v -0.02292214 -0.02961597 -0.02388063
v 0.03844618 -0.05859661 -0.00298911
v -0.02425334 0.03608915 -0.02476047
v 0.02220554 0.04309251 -0.01625951
v -0.00095734 -0.00752637 -0.01828127
v 0.02087434 0.03630547 -0.01866399
v 0.03458570 0.05451171 -0.00195119
v 0.03325450 0.04378723 -0.00699103
v -0.03077622 0.00496195 -0.02175903
v 0.01421834 0.06520707 0.00402257
v -0.03210742 -0.05127085 0.01150225
v 0.04696586 -0.04847117 -0.01059151
v 0.04563466 -0.00772813 -0.00178063
v -0.03876342 0.03119907 -0.01317903
v -0.03330550 0.02889859 0.00288065
v 0.03485194 0.05794995 -0.01943359
v 0.04576778 -0.01085229 -0.02075855
v -0.01964198 0.02792099 0.01817697
v 0.01989466 0.03401539 -0.01820639
v -0.03867814 0.03083923 -0.01686687
v -0.03588262 0.06027123 -0.01333919
v -0.02350246 0.03161507 0.00014545
v 0.01603418 0.02531475 -0.01345567
v -0.03974310 0.04238739 0.00073617
v -0.00832678 0.01170739 -0.02291759
v 0.02575194 -0.01525565 -0.00047855
v -0.03694758 0.04941987 -0.01607647
v -0.02603174 0.05692867 -0.02001807
v -0.04080806 0.05899827 -0.00736335
v -0.02576550 0.05252947 -0.02500383
v -0.02163878 0.04728163 0.00238977
v -0.01884326 0.06289827 0.00948673
v 0.00578394 0.04086483 0.02823169
v -0.04054182 0.04864195 -0.01968111
v 0.03174234 0.04939075 -0.01949391
v 0.01816410 0.02734483 0.00714881
v 0.02109274 0.04931795 -0.01934415
v -0.03748006 -0.05104413 -0.01651327
v 0.01576794 -0.01962573 0.04201793
v -0.01143638 0.00208115 -0.01856623
v 0.03635370 0.03591859 0.00205281
v -0.01263446 -0.02221533 0.04349265
v -0.02208598 0.05427043 -0.00356527
v 0.01745066 0.04891235 0.00522689
v -0.03979094 0.04540131 0.00594241
v -0.00571222 -0.00857885 -0.00063871
v 0.00254122 0.03420883 0.05234513
v 0.00666794 0.04017635 0.02676529
v -0.03419990 -0.03614301 -0.01921311
v -0.03819350 0.03632003 -0.02771615
v -0.02181974 0.03129683 -0.02012831
v -0.03260246 -0.02555373 0.00230033
v 0.03555498 0.04932419 0.00590913
v -0.01622870 0.01865875 0.04353841
v -0.04484950 -0.04993549 -0.01537135
v 0.03968170 -0.04841709 -0.00590943
v -0.02568022 -0.05234413 0.01122769
v -0.03792726 -0.04998957 -0.00005631
v -0.01742678 0.02542707 0.02926753
v -0.01196886 -0.00063949 -0.02225615
v -0.03366742 -0.04537197 0.00087137
v -0.03499862 0.03745363 -0.00515023
v 0.03595434 -0.02622141 -0.02344175
v -0.00624470 0.04233123 0.05101809
v 0.03329194 0.06519667 -0.01674207
v 0.01971370 0.04545747 0.00429089
v -0.03473238 0.03984979 -0.01888447
v -0.00198486 -0.05573037 0.00779777
v 0.01580538 0.06080787 0.02006145
v -0.00456198 -0.02873821 0.00865473
v -0.01814022 0.01655171 0.00142465
v 0.02139642 0.03712915 -0.00115247
v 0.03643898 -0.02537069 0.00547649
v -0.00442886 -0.00857261 -0.02178191
v 0.00648698 -0.02061997 -0.00255647
v -0.01933830 0.01907683 0.00340065
v 0.03111418 0.05613827 -0.01186863
v -0.03424774 -0.02820157 -0.02015951
v -0.03424774 0.03798611 -0.01595167
v 0.03803642 -0.04615821 0.00133313
v 0.02312698 0.03665075 0.00429713
v 0.00542202 0.00092675 -0.01921519
v 0.04495866 -0.02253565 -0.02032591
v 0.00688634 -0.00743901 0.00031185
v 0.01780218 0.04542211 0.00450097
v 0.00835066 -0.01991693 -0.00490479
v 0.04655610 -0.03891773 -0.00672063
v -0.01614342 0.01027011 -0.00171407
v -0.01747462 -0.01165101 0.01515473
v 0.03164666 0.04150963 -0.00624015
v -0.03105286 -0.06366765 -0.00186799
v 0.00715258 -0.02148941 -0.01866191
v 0.02765306 0.03325619 -0.02255567
v 0.00449018 0.03811923 0.02867681
v 0.03723770 -0.02204477 0.00111889
v -0.02000390 0.06182915 0.01663361
v 0.03590650 -0.06023773 -0.00637951
v -0.03904006 -0.02629421 0.00006017
v 0.00595450 0.03762003 0.05425457
v 0.04549114 -0.00208509 -0.00876943
v -0.03491334 0.03410067 -0.00965551
v -0.03478022 -0.03759277 -0.00023727
v 0.01434106 0.06217859 -0.01051247
v -0.03198470 -0.06153565 0.00171377
v 0.02392570 -0.01629773 -0.00193039
v 0.04029946 0.00182323 -0.00117535
v 0.01167866 0.02642755 -0.02108719
v 0.02946890 -0.02061789 -0.01873679
v -0.04547766 -0.02388141 -0.02098735
v -0.02364598 0.05619027 -0.00739039
v 0.01043274 0.02450979 -0.01729743
v -0.01951926 0.05866131 0.02067921
v 0.03652426 -0.02640445 -0.02241631
v -0.03429558 -0.03565421 0.00031393
v -0.00700598 -0.04804269 0.01233009
v 0.03665738 0.03776771 -0.01618047
v -0.02058422 0.02961411 -0.00130431
v -0.04374710 -0.05048669 -0.00086127
v -0.02737334 0.03739331 0.00767921
v -0.01911990 0.01313011 0.00850913
v -0.03682486 0.02403555 -0.00686623
v -0.02045110 -0.06336605 -0.01279423
v 0.03545930 -0.05677245 0.00365233
v -0.02311350 0.02600323 -0.01151295
v 0.03825482 -0.02094237 0.00065089
v 0.01788746 0.03416931 -0.01892399
v -0.03935414 0.04274931 0.00698241
v -0.04068534 0.05287891 -0.00671439
v -0.04068534 0.05323667 -0.01064143
v -0.03655862 0.03337267 -0.01486175
v -0.03110070 -0.02323869 -0.01950847
v -0.03243190 0.03515939 -0.00942047
v 0.03572554 0.04324435 -0.01963327
v -0.02151606 0.05368803 0.00339649
v 0.01802058 0.05930195 -0.00053679
v -0.01738934 -0.02035789 -0.00372751
v -0.01725622 0.05691411 0.02143009
v -0.03629238 0.03584163 -0.01752207
v 0.00870218 0.00808195 -0.01950431
v -0.04161718 -0.04683837 -0.01932335
v 0.01975114 -0.01770797 -0.00572015
v 0.02387786 0.03258435 0.00032433
v -0.03882166 0.03740163 -0.00072607
v -0.02782054 0.04133699 0.00821585
v -0.04006758 0.04981715 -0.01700207
v -0.02915174 -0.06451005 -0.00643567
v 0.01038490 0.06490963 0.01032081
v 0.00905370 -0.00299405 -0.02186303
v 0.00772250 -0.02325117 0.00362945
v -0.03860326 -0.03093885 -0.02047151
v -0.03993446 0.04769555 -0.01900095
v -0.03580774 0.04115811 -0.01961663
v -0.02209638 0.04728995 0.00160977
v 0.03381402 0.05875075 -0.01084527
v -0.03567462 0.04337331 -0.01932751
v 0.00253082 -0.01943645 -0.00514607
v -0.01783654 0.03954403 0.02603729
v -0.00545638 0.01254147 -0.01896143
v -0.02995046 -0.05921853 0.00608177
v 0.01917082 0.01588195 0.04732817
v 0.00293018 0.03608291 0.05568561
v -0.02023270 0.03125315 0.00270593
v 0.01797274 0.02388995 0.00963441
v 0.04393114 0.00050035 -0.01962287
v 0.01943706 0.00473939 0.00366481
v -0.03367782 0.03438771 -0.00961807
v -0.00905062 0.02267939 -0.01838735
v -0.01717094 -0.00194365 0.04568497
v -0.00758630 -0.01014509 -0.02190879
v 0.02649242 0.04858995 -0.02925951
v 0.03887258 -0.05813693 -0.00943087
v -0.03607398 -0.02399581 -0.00208847
v 0.03621018 0.04229171 -0.00131263
v -0.03998230 0.05375459 0.00318641
v 0.02151914 0.04587347 -0.01992239
v 0.01885674 0.02108611 0.04006689
v -0.01242646 -0.02108381 -0.00369423
v -0.00284182 0.03503043 0.04467617
v -0.03146262 -0.06422301 -0.01081199
v -0.03825174 0.03311683 -0.01553359
v -0.04637206 -0.01160317 -0.00108175
v -0.04078102 0.05153731 -0.01902591
v 0.03283434 0.06563139 -0.00375039
v 0.02058730 -0.01717133 -0.00494223
v 0.02058730 0.05630467 -0.02605215
v 0.03150314 0.04493123 -0.00388975
v 0.03696106 -0.01741261 -0.00029551
v -0.03252758 -0.06021693 -0.01649455
v 0.01659370 0.03414435 -0.02013871
v 0.02072042 0.06369283 -0.00265839
v 0.01393130 0.02545411 -0.02023647
v -0.01735190 -0.00436893 -0.00004591
v -0.00097814 0.03374707 0.05437521
v 0.00314858 0.04844227 0.02480385
v -0.01455638 0.01707379 0.00037217
v -0.03771926 0.04362291 -0.01440831
v 0.02910698 -0.01749165 -0.00513567
v -0.02267670 0.01152227 -0.01220351
v -0.01721878 -0.00633453 -0.00046607
v 0.02098666 -0.01702365 0.04468449
v -0.03479062 -0.03061437 -0.01976015
v -0.00337430 0.04480643 0.05601841
v 0.00487914 0.01397875 0.04784817
v -0.02778310 0.05403123 0.00460705
v -0.03710150 -0.02418093 -0.02067743
v 0.03651386 -0.03754701 -0.02865007
v 0.01747770 0.03896787 -0.01942735
v 0.03385146 -0.01777245 -0.00419343
v 0.03797818 -0.03977677 0.00278081
v -0.03151046 0.05900451 -0.00125439
v 0.04490042 -0.04444221 0.00083601
v 0.01627962 0.01259763 -0.02346047
v 0.02040634 0.00537171 0.04559761
v -0.00275654 0.04676995 0.04593457
v 0.00270138 0.05005427 0.02359329
v 0.03012410 0.04991907 -0.00185135
v 0.03558202 -0.04935933 -0.02639743
v -0.01074374 0.00819635 -0.02190255
v -0.02844870 -0.02134381 -0.00377743
v 0.00563002 0.01945747 -0.02309439
v -0.03923142 0.03697107 0.00030145
v 0.03717946 -0.02916253 -0.02028847
v -0.02272454 0.05222787 -0.00203231
v 0.01135418 0.01694483 -0.02195247
v -0.00089286 0.02263363 -0.02014911
v -0.03763398 0.03229107 -0.01284831
v -0.02259142 -0.02915837 0.00798913
v 0.02240314 0.04239779 -0.01711231
v 0.03478330 0.05551635 -0.01778415
v 0.01987386 -0.05613181 0.00573233
v -0.00599926 0.03875155 0.04224465
v 0.00092298 0.02092803 -0.02313599
v 0.02009226 -0.00208509 0.04620913
v -0.02077558 0.06245107 0.00540993
v -0.01531766 0.01421587 -0.00191999
v -0.03302262 0.03536115 -0.00971167
v 0.01742986 0.03202899 -0.01906127
v -0.01119094 0.02155411 -0.01514463
v 0.02155658 0.05813507 -0.02543647
v 0.02022538 -0.00352861 0.01197441
v 0.01343626 0.01992547 0.00045329
v 0.00531594 0.03767411 0.04425809
v -0.02184054 0.05291011 -0.00200527
v -0.03262326 0.03918419 -0.02878319
v -0.00120694 0.03396755 0.05505329
v 0.03832970 -0.05108365 -0.00270831
v -0.00799606 -0.02332397 -0.01898015
v 0.03566730 0.04102083 -0.01817103
v -0.02157430 0.04723795 0.00353169
v 0.01250442 0.02322643 -0.00734255
v -0.02556790 0.04629779 -0.02721695
v -0.03368822 -0.03831453 0.01164785
v 0.03313802 -0.01717133 -0.00523135
v 0.02368650 0.03159843 -0.00541023
v 0.04831370 -0.04489357 -0.01477439
v -0.01971062 0.02536675 0.00659345
v -0.01558390 0.00176707 -0.02295711
v 0.03486858 0.03438979 0.00218177
v 0.01445338 -0.02117325 -0.01836239
v 0.03495386 -0.04417181 0.01256721
v -0.00045606 0.01586531 0.04757985
v -0.02495014 -0.02312221 -0.01895103
v 0.03641818 -0.01876045 -0.02010543
v 0.01605082 0.06040643 -0.01153375
v -0.03293734 -0.05311373 -0.01505935
v 0.01751514 0.01739203 0.04725329
v -0.01922598 0.00529683 0.00704065
v 0.01352154 0.01692819 -0.00726351
v 0.01764826 0.02480515 -0.00062831
v 0.03402202 0.03724979 0.00482129
v 0.00540122 0.02631107 -0.02102479
v 0.04493786 -0.01989613 0.00069249
v 0.01778138 0.03195411 -0.00828687
v -0.02308646 0.03052515 -0.02045903
v -0.04212262 -0.05258333 -0.01593295
v 0.03695066 -0.04262429 -0.02842543
v -0.01070630 0.00951715 -0.02304031
v 0.02071002 0.04835075 -0.02811551
v 0.02071002 -0.01372893 0.02963569
v -0.03786278 -0.05329677 -0.01348895
v -0.02694694 0.03424419 -0.02696943
v -0.02148902 0.06127795 0.01496961
v 0.01258970 -0.02056589 0.04339281
v 0.04666842 -0.04305693 -0.01795055
v -0.00098854 -0.02194285 -0.01850591
v -0.01869350 0.02165603 0.02997681
v -0.04731430 -0.00700013 -0.00176607
v -0.00910886 0.01953027 -0.02273663
v -0.01177126 0.05482995 -0.01724335
v 0.03735002 -0.03653197 0.00930577
v 0.03468762 0.06389875 -0.00608207
v -0.03480102 0.04602947 -0.00174943
v 0.02523610 -0.01515373 -0.02111215
v 0.00753114 0.02182035 0.03697393
v -0.01696294 0.01361683 0.00022449
v -0.02920998 0.04624371 -0.02888511
v -0.01687766 0.00201875 -0.00081343
v 0.02811690 0.00772003 -0.02239551
v -0.00050390 0.03512611 0.03562817
v -0.00037078 -0.01118509 -0.00070319
v 0.00242474 -0.00760125 -0.02099359
v 0.01200938 0.02002531 -0.01524655
v 0.04475690 -0.04834637 -0.01288159
v 0.02159402 -0.02064077 -0.00090911
v -0.02473174 0.05728643 -0.00343423
v -0.03152086 -0.05401437 -0.02605839
v -0.02872534 0.05484243 -0.02464607
v 0.03943210 -0.01940317 -0.02061295
v -0.01780950 -0.00682541 0.01246113
v -0.00542934 0.04602531 0.03363761
v -0.02579670 0.04899347 -0.01412335
v -0.04483286 -0.04895581 -0.01084527
v -0.03791062 0.03620771 0.00720913
v 0.03437354 0.05895459 -0.01392367
v 0.01666858 0.04574451 0.02455633
v -0.03511510 0.04159907 -0.01769263
v 0.02492202 0.06044179 0.00313025
v -0.03231958 -0.04211469 0.01299569
v 0.00588586 -0.00790701 -0.00069695
v -0.01727702 0.02115683 0.03388929
v -0.02127062 0.03225571 -0.00000639
v -0.02260182 0.05691203 -0.00755263
v 0.00468778 0.02171843 -0.01892399
v 0.00202538 0.01220867 -0.01915487
v 0.03610410 -0.01458381 -0.02106639
v 0.03477290 0.03584579 -0.02451503
v 0.00894762 0.00391779 -0.01899679
v -0.00600966 -0.02036413 -0.00427039
v -0.00734086 0.04210451 0.02592705
v 0.03765370 0.00437955 -0.00192831
v 0.03499130 0.00613507 -0.00297455
v 0.01182842 0.01839251 -0.01090351
v -0.02624390 0.05068451 -0.01734111
v -0.03982214 0.04793891 -0.00170367
v 0.02979962 0.03536531 -0.02452335
v -0.03289990 0.06133411 -0.00856559
v 0.01209466 0.01755843 -0.01038767
v -0.03423110 -0.05237533 -0.00576799
v 0.00530554 0.04309667 0.05575217
v -0.03556230 -0.00002797 -0.02301743
v 0.03805306 -0.05840941 -0.00070319
v -0.03822470 0.03205187 -0.00555375
v 0.00956538 0.05747779 -0.01620543
v 0.03685498 -0.04065037 0.01271281
v -0.00401286 -0.02007709 -0.00479455
v -0.03263366 -0.05748381 -0.02133263
v 0.00144506 0.06364291 0.01650881
v -0.04488070 -0.02115661 -0.00030175
v 0.03153018 0.05750275 -0.00981983
v 0.04657274 -0.03605565 -0.00745279
v 0.03432570 0.06350355 -0.01818975
v -0.01053574 -0.00188541 -0.02117247
v 0.03991674 -0.04838797 -0.01335583
v -0.03769222 0.03199155 -0.00983023
v 0.01688698 0.05307027 -0.01534639
v 0.03871866 -0.04208557 0.00174081
v -0.01985414 0.03528627 -0.02013039
v 0.01968250 0.00286531 0.04671665
v -0.00348038 -0.00784253 -0.02113711
v -0.00481158 0.06375107 0.01228225
v -0.00467846 0.05854067 -0.01455391
v 0.01856970 0.03712915 -0.01851631
v -0.03321398 0.06037731 -0.00483615
v 0.01178058 0.02419155 -0.01551695
v -0.01684022 -0.00867245 0.04436001
v -0.04679222 -0.01567997 -0.00106511
v 0.02136522 0.06178339 0.00105441
v 0.01457610 0.05424755 -0.01741599
v 0.03920330 -0.04705677 -0.00248575
v 0.03787210 -0.02853645 0.00154737
v -0.00299574 0.03603299 0.02750161
v 0.00658890 0.01268707 -0.02345631
v -0.02203190 0.05779811 -0.00691823
v 0.03933642 -0.04590237 -0.01667551
v 0.02575818 0.02960995 -0.00844495
v -0.03827254 -0.01869597 -0.00052639
v 0.03401162 0.04672419 -0.00744447
v -0.02456118 0.05531043 -0.01223887
v -0.02043446 0.04430099 0.02268849
v -0.03268150 0.04710483 -0.02817167
v 0.01777098 0.03239507 -0.01114895
v -0.03947062 0.04466915 -0.01992447
v 0.03827146 -0.03779869 -0.01903007
v -0.03774006 -0.03665261 0.00095249
v -0.02136630 -0.04190461 0.01325153
v 0.01550794 -0.02907517 0.00985073
v 0.01417674 0.05892131 0.02116593
v 0.04825546 -0.04385981 -0.01098047
v -0.01710646 -0.00834797 -0.00080303
v -0.02522678 0.05160595 -0.01471199
v 0.03347914 0.05485907 -0.02780767
v 0.03347914 0.05274163 -0.00179311
v -0.02780390 0.05014787 0.00700945
v 0.01719066 0.06037315 -0.00149775
v 0.01998618 0.00664467 -0.00183887
v 0.04727578 -0.04646605 -0.00313887
v -0.01542374 -0.01758109 0.03335057
v -0.00996582 0.04246851 0.02541329
v 0.02278170 0.05328035 0.00730897
v -0.01808614 0.00854371 0.02936945
v 0.04474650 -0.00140909 -0.02117663
v 0.03249946 0.05358403 -0.01817519
v -0.01382630 -0.01401805 0.01785457
v -0.00557286 0.03751187 0.04831201
v -0.03685606 0.04673667 -0.02818415
v -0.02048230 0.01222323 -0.02171327
v 0.01772314 0.05273539 0.00438033
v 0.02051866 -0.02507533 0.00673697
v -0.02034918 0.02597619 -0.01568127
v -0.02168038 0.05006883 0.00064673
v 0.03702554 0.03270083 -0.01562719
v 0.03569434 0.04499779 -0.02245167
v -0.02554086 0.02747379 -0.00095279
v -0.02141414 0.05967427 -0.00870911
v 0.02504474 0.03039619 -0.00292047
v -0.03752166 0.03842707 -0.00841791
v -0.03752166 0.04324227 -0.00555999
v 0.00614170 0.04081907 0.03937633
v -0.01835238 0.05134595 -0.01840815
v 0.01572634 0.06288787 -0.00591151
v -0.03605734 0.04479395 -0.00097983
v 0.03622682 0.04229171 -0.02118911
v 0.01993834 -0.00529661 0.00623153
v 0.02406506 0.06536307 -0.00609663
v -0.03317654 -0.05168269 0.00301793
v -0.01267606 0.02105699 -0.00865087
v 0.00369770 0.03750771 0.03207969
v 0.02007146 0.05390227 -0.02644319
v 0.02153578 0.03485155 -0.02126399
v 0.00383082 0.02624243 0.02940689
v -0.02332566 0.01035747 -0.00272703
v -0.01640342 0.02276051 0.03100641
v 0.01767530 0.06039603 -0.01131535
v 0.01767530 -0.01970477 -0.01887407
v -0.02865046 0.04094179 -0.02895583
v -0.02718614 0.02647955 -0.01897391
v -0.02013078 0.02578067 -0.00987807
v -0.03370902 0.03527379 -0.00839087
v -0.01733526 0.02334291 -0.01959375
v 0.02220138 0.03540899 -0.00198863
v -0.01866646 0.01846947 0.03155969
v 0.01953898 0.01922035 0.04252753
v -0.03357590 -0.05257085 -0.01324559
v 0.01687658 0.05648355 0.00426593
v -0.04582294 -0.03695005 -0.01821055
v 0.02100330 -0.01589629 0.03871905
v -0.03756950 -0.04483117 -0.01925263
v 0.02379882 -0.02043901 -0.01825423
v -0.03344278 -0.05031613 -0.01629279
v -0.01973142 0.02972019 0.00872129
v 0.01980522 -0.00143405 -0.00102351
v -0.04422550 -0.05240653 -0.00467599
v -0.03876758 0.02959747 -0.02128687
v -0.03876758 0.03901987 -0.01983503
v -0.01964614 0.02336579 0.00222545
v -0.02643526 0.05276659 -0.01722671
v 0.03227066 0.05483411 -0.00995919
v -0.00447046 -0.01953421 -0.00488399
v -0.00580166 0.03872867 0.03422001
v -0.03442246 -0.05091517 -0.00289551
v -0.01937990 0.02560387 -0.02037167
v -0.03841606 -0.05041389 -0.01745967
v -0.03695174 -0.02672061 -0.02028223
v -0.03695174 0.03757219 -0.01124671
v 0.03120570 0.05680803 -0.00790623
v 0.01895866 -0.02000429 -0.00209055
v 0.00671162 -0.01995021 -0.01960415
v 0.00538042 0.04457347 0.03289505
v -0.04227654 -0.05401645 -0.01288159
v 0.01909178 0.02068675 0.03719857
v -0.01631814 -0.05397901 0.00986945
v 0.02321850 -0.01874589 -0.00496303
v -0.04081222 0.05470099 -0.00198447
v 0.03826106 -0.04471469 0.00122705
v 0.00964026 0.00014259 -0.02099359
v 0.02055610 -0.00211629 0.03091489
v -0.00393798 0.03723315 0.05587697
v 0.01935802 0.00696291 0.00785601
v -0.04467270 -0.05020589 -0.00566815
v 0.03306938 0.04894355 -0.01552943
v 0.04811194 -0.04699853 -0.01139023
v -0.02537030 0.04104995 -0.02553839
v 0.02920890 -0.01901213 -0.01915071
v 0.01975738 0.04072547 -0.01640511
v 0.03759546 -0.05738397 -0.01781327
v -0.03593462 -0.02176397 -0.00282063
v 0.01997578 0.00015715 0.01633201
v -0.02089206 0.02632563 -0.01191855
v 0.01185546 0.02431635 0.03116865
v 0.03648266 0.03982067 -0.02453167
v 0.04620042 -0.04038413 -0.01871183
v -0.03420406 0.03500339 -0.00887343
v 0.01904394 0.05788963 -0.01217855
v -0.03273974 0.03597059 0.00731521
v 0.03541770 -0.01568413 -0.00150607
v 0.01225482 -0.01868141 -0.00584079
v 0.03408650 0.06484723 -0.01119263
v 0.01118986 0.02321811 -0.01592255
v -0.01183990 0.01930979 -0.01723295
v -0.02541814 0.05579715 -0.01282127
v 0.03874570 -0.05740477 -0.01452271
v 0.02929418 0.05579299 0.00672033
v 0.01984266 0.05393971 -0.01360543
v -0.02373542 0.03641363 0.00425553
v -0.00736166 -0.01807821 -0.00118367
v 0.01992794 0.05537907 -0.01373439
v 0.02272346 -0.01405965 -0.00011247
v -0.03997606 0.04687811 -0.02693823
v 0.03363930 -0.01844013 -0.00333439
v 0.00368730 0.04551155 0.05328737
v -0.02493350 0.03882019 -0.01800671
v 0.01872986 0.02509219 0.01292289
v 0.01872986 0.04162403 0.00181153
v 0.03510362 -0.03101997 -0.02724191
v -0.04530086 -0.04163005 -0.01871599
v -0.00975782 -0.00252189 -0.01836863
v -0.03292070 0.03461027 -0.02753727
v 0.01620058 0.05365267 0.02217265
v 0.02165850 0.04352515 -0.02831103
v -0.03558310 0.03267795 -0.01134239
v 0.02032730 -0.01699661 0.03988801
v -0.03691430 -0.05379805 -0.01023999
v -0.00416678 -0.02176605 0.04377553
v 0.03403866 0.05648147 -0.00397295
v -0.03544998 0.05117747 -0.01238655
v -0.03811238 -0.03319357 0.00071121
v -0.02173862 0.05593235 -0.01345983
v -0.04490150 -0.04561949 0.00060721
v 0.01646682 0.05804771 -0.01278799
v 0.02192474 0.04003491 -0.01775503
v 0.02605146 0.04195059 0.00744001
v 0.04788314 -0.04027181 -0.01785487
v 0.01793114 -0.02240045 0.00310529
v -0.02972582 -0.03738477 0.01225937
v -0.00789414 -0.00856845 0.00031601
v -0.00509862 0.03558995 0.02705857
v -0.01734566 0.03384899 0.02730817
v -0.04596646 -0.00554621 -0.02160303
v -0.03638182 0.05094243 -0.00787503
v -0.03225510 0.05457827 0.00414321
v 0.01140826 0.01619187 -0.02334607
v 0.04548698 -0.00283389 -0.00188671
v -0.01308582 0.02249843 -0.01113023
v -0.01574822 -0.02735501 0.00679521
v 0.01833050 0.02442659 0.03057585
v -0.04570022 -0.02362349 -0.00016031
v -0.02386854 0.05426211 -0.01322063
v -0.01428390 -0.02152685 0.04230081
v 0.03483738 -0.01842141 -0.01907791
v -0.00874070 -0.02179933 -0.01904671
v 0.01322410 0.01659747 -0.01041679
v 0.04597162 -0.00445837 -0.01931295
v -0.03989078 0.05993843 -0.01161487
v -0.04122198 0.05217379 -0.02049023
v -0.03576406 0.03654051 -0.01202047
v -0.00847446 0.05979075 0.02062097
v -0.01659478 -0.00818365 0.00013505
v -0.00701014 0.01765827 0.04613841
v -0.03829334 0.02891523 -0.01227215
v -0.03962454 0.05103603 -0.02593567
v -0.02325078 0.03947539 0.00482545
v 0.04770218 -0.03481181 -0.01351183
v 0.01908138 0.01279939 -0.02236431
v -0.04361814 -0.03053949 0.00044289
v -0.00953942 -0.01922429 0.04002529
v -0.04494934 -0.04578381 -0.01212239
v -0.01353302 0.04704867 -0.01975391
v -0.02165334 0.04409507 0.00422641
v -0.03523158 0.04640387 -0.01681279
v -0.02431574 0.03571683 -0.01980799
v 0.03159466 -0.05886701 -0.01593295
v -0.00647766 0.04068595 0.04160817
v 0.00443818 -0.02117533 0.04378801
v 0.00443818 0.03691491 0.02740385
v -0.00235094 0.03412563 0.05312929
v -0.00368214 -0.01920973 -0.00453663
v 0.00457130 0.04653491 0.02645953
v 0.03865002 -0.03737437 0.00205281
v -0.03762774 0.02967235 -0.02391599
v -0.02671190 0.04757491 -0.01605567
v 0.01695146 0.02526899 -0.01048543
v -0.03483222 -0.02360477 -0.01904047
v -0.03882582 0.04221683 -0.00011455
v -0.02924118 0.05844499 -0.02088543
v 0.02121130 0.03315843 -0.00515855
v -0.03603030 0.04863571 -0.01382799
v -0.03594502 0.03399043 -0.00541023
v 0.01996538 -0.01500397 0.03351697
v -0.03993862 0.05127107 -0.01482431
v 0.04193018 -0.04250989 0.00189681
v -0.01784070 0.02206579 0.03140577
v 0.02169594 0.05608419 0.00573233
v -0.03141894 -0.04309853 -0.02858143
v -0.04765958 -0.00660285 -0.01611391
v 0.02049786 0.03839587 -0.00028095
v -0.00798982 0.06067475 -0.01163983
v 0.03567354 0.04567795 -0.00047023
v -0.02835718 0.00850627 -0.00360063
v 0.02209530 -0.01923677 -0.01900095
v 0.00439034 0.03532163 0.05337889
v -0.01464582 -0.01049661 0.00487121
v 0.00172794 -0.03404637 -0.02754559
v -0.03368198 0.04997731 -0.02714623
v 0.00452346 0.03778227 0.03590065
v 0.01823482 0.04911619 0.00446769
v -0.04033798 0.04905379 -0.00122319
v -0.03488006 -0.05161405 -0.01368031
v 0.01557242 -0.00786957 0.00293889
v -0.00892166 0.02022499 -0.01957711
v 0.02928378 -0.01811773 -0.00455535
v -0.03474694 0.03949619 -0.01598703
v -0.03062022 0.06016307 -0.01634479
v 0.01983226 0.01213379 -0.00237551
v 0.03620602 -0.02992797 -0.02625599
v 0.04587594 -0.02060749 0.00035137
v 0.04454474 -0.00369917 -0.00069071
v -0.02627510 0.04962995 0.00644785
v -0.00577462 0.04802419 0.02409457
v 0.03376202 -0.04376413 -0.02857727
v -0.01655734 -0.01552189 0.02911777
v 0.03389514 -0.01680109 -0.00410607
v 0.03535946 0.04655987 -0.02064831
v 0.01219658 0.05493187 -0.01775503
v 0.00820298 0.02158115 -0.01767807
v -0.03266486 -0.05701373 -0.00863007
v 0.03416138 0.06278387 -0.00085087
v 0.02058314 -0.01881661 0.04353633
v 0.03842122 -0.05065309 -0.01346191
v -0.04198326 -0.05164109 -0.00131471
v 0.00713802 -0.01998349 -0.01952303
v 0.01259594 0.01914131 -0.00339679
v 0.04813898 -0.03886157 -0.01441455
v -0.01043382 -0.05876093 -0.02121407
v 0.02231370 -0.02190749 0.00257281
v 0.00327754 0.04947811 -0.01972479
v 0.01965130 0.05921875 0.00135809
v 0.03469386 0.05785011 -0.00396879
v -0.03479478 -0.02986557 -0.00002303
v 0.00207946 -0.01875005 0.04527521
v 0.03615818 0.04307171 -0.02513279
f 1240 996 971
f 971 1172 923
f 971 2004 1240
f 1219 924 1240
f 2004 1219 1240
f 104 879 1219
f 924 1219 749
f 104 1219 2004
f 749 1219 879
f 2004 971 1283
f 104 2004 1283
f 879 1064 749
f 1757 749 1064
f 1717 1064 879
f 1717 1248 1403
f 1342 1717 879
f 1342 1248 1717
f 1064 1717 1403
f 1757 1064 1403
f 1757 1403 807
f 1403 576 807
f 1248 576 1403
f 879 104 1342
f 400 435 212
f 1971 400 1919
f 1816 400 2014
f 529 441 327
f 1816 529 327
f 400 327 1919
f 327 400 1816
f 1971 443 435
f 443 1971 1919
f 1919 1097 443
f 310 443 1097
f 435 400 1971
f 1097 1919 969
f 310 1097 881
f 2014 400 212
f 1254 2014 212
f 1254 673 2014
f 2014 1791 1816
f 680 1816 1791
f 1707 680 1791
f 673 1791 2014
f 673 1707 1791
f 991 1336 435
f 991 1398 1336
f 863 1398 991
f 991 443 1965
f 1965 443 310
f 1965 310 1593
f 1593 310 881
f 1445 1593 881
f 1965 863 991
f 1965 1593 863
f 774 1593 1445
f 1556 1445 1562
f 774 1445 1556
f 863 1593 774
f 2000 774 1556
f 2 774 2000
f 2 2000 551
f 774 1540 863
f 2 1540 774
f 800 2 551
f 1540 2 240
f 240 2 800
f 1181 1540 1539
f 1539 1540 240
f 1181 1539 1884
f 1200 1884 1539
f 1298 671 1188
f 936 1389 1188
f 435 1336 212
f 212 1336 691
f 991 435 443
f 1445 881 444
f 1556 1562 977
f 1556 977 1093
f 1093 1438 1556
f 551 2000 1556
f 1830 1700 625
f 745 1830 1062
f 1830 1978 1062
f 1830 625 1978
f 1621 1774 1389
f 360 2007 526
f 636 278 526
f 759 636 1700
f 1830 759 1700
f 526 2007 636
f 180 526 334
f 636 2007 1772
f 529 841 441
f 841 876 441
f 876 841 1461
f 859 876 1461
f 859 1461 555
f 1220 555 1461
f 441 1919 327
f 441 969 1919
f 876 969 441
f 969 876 859
f 1402 969 859
f 1097 969 881
f 881 969 1402
f 881 1402 444
f 96 1402 1154
f 444 1402 96
f 859 555 1163
f 1402 859 1163
f 1163 555 1864
f 1154 1402 1362
f 1362 1402 1163
f 507 1154 1362
f 529 1816 680
f 529 680 1655
f 1220 1990 555
f 328 761 1864
f 555 1990 1864
f 1990 1220 1216
f 328 1864 1990
f 1216 328 1990
f 1216 1311 328
f 1148 382 1949
f 32 1949 404
f 266 1751 1949
f 1751 1148 1949
f 814 1148 1751
f 32 266 1949
f 110 741 32
f 937 32 741
f 1817 1420 937
f 1817 1080 1420
f 1080 1751 266
f 1420 1080 266
f 1420 266 32
f 128 1751 1080
f 1751 128 1158
f 814 1751 1158
f 937 1420 32
f 448 240 1382
f 448 1539 240
f 2017 1539 448
f 1382 1237 448
f 1200 1539 2017
f 1884 1200 1069
f 1745 448 1237
f 448 1745 2017
f 2017 1745 362
f 795 1200 2017
f 78 1745 1237
f 1298 933 1585
f 1585 933 1069
f 795 1069 1200
f 362 1745 437
f 1435 362 437
f 795 2017 362
f 795 362 1435
f 437 1745 78
f 78 347 437
f 347 1994 437
f 1994 1435 437
f 320 1435 1994
f 795 1435 648
f 1456 1069 795
f 1456 795 1322
f 1435 1554 1632
f 1632 1554 966
f 1632 966 453
f 1435 1632 648
f 1554 1435 320
f 648 1632 453
f 648 453 845
f 1456 1322 1538
f 1538 1322 994
f 795 648 1322
f 994 1322 648
f 994 648 845
f 845 1117 994
f 1117 845 1724
f 856 845 453
f 1128 845 856
f 1724 845 1128
f 427 1724 1128
f 1445 444 1562
f 1562 444 1793
f 977 1562 1793
f 1793 444 96
f 1793 96 221
f 221 96 1154
f 1566 1793 221
f 617 1793 1566
f 221 1865 1563
f 1563 1566 221
f 977 1793 617
f 546 301 973
f 1865 221 1154
f 1865 311 1563
f 1154 651 1865
f 311 1865 651
f 651 1154 507
f 651 1549 311
f 301 546 2022
f 2022 257 301
f 568 1563 1478
f 1478 1563 311
f 1549 420 311
f 420 1549 1541
f 420 467 1490
f 289 1607 348
f 139 348 1607
f 1003 348 139
f 1607 289 973
f 973 301 1607
f 1238 36 289
f 289 348 577
f 577 348 1003
f 289 577 1238
f 1016 577 1003
f 1607 301 139
f 257 537 139
f 139 301 257
f 257 1875 537
f 921 1875 257
f 921 1966 1875
f 1134 1966 921
f 628 1875 1966
f 537 1003 139
f 1003 537 538
f 1016 1003 538
f 1827 537 1875
f 1334 538 537
f 1334 537 1827
f 379 651 507
f 1362 379 507
f 379 1362 1431
f 379 1591 651
f 1431 1362 761
f 379 1431 1425
f 1425 1431 1970
f 761 1970 1431
f 1425 1591 379
f 1637 1591 1425
f 651 1541 1549
f 1541 651 1591
f 1541 1591 1637
f 1931 467 1541
f 1765 1637 1425
f 1931 1541 1637
f 467 420 1541
f 1425 1401 1765
f 1931 1637 1765
f 742 1765 1401
f 287 1931 1765
f 287 1765 742
f 1827 1875 628
f 628 1185 1827
f 1998 287 742
f 1425 1970 1401
f 376 1401 660
f 742 1401 1753
f 1753 1401 376
f 856 376 660
f 467 131 1134
f 1264 1768 962
f 1062 1978 962
f 60 1872 220
f 1264 1872 60
f 220 264 60
f 609 92 264
f 220 1820 264
f 220 1872 1011
f 220 1011 1820
f 1820 1011 806
f 1131 806 1011
f 1083 569 1238
f 1238 577 754
f 754 577 1016
f 1083 1950 569
f 1290 133 754
f 1828 1016 538
f 754 1016 1828
f 1828 538 1334
f 1185 1334 1827
f 1828 1334 51
f 51 1334 1185
f 1185 1278 51
f 1290 754 1828
f 1828 51 86
f 742 1753 1020
f 1020 1998 742
f 254 1998 1020
f 470 254 320
f 966 1554 1020
f 1554 254 1020
f 1554 320 254
f 376 966 1753
f 1020 1753 966
f 966 376 856
f 856 453 966
f 1128 856 488
f 1426 488 756
f 488 1058 1128
f 488 1426 1058
f 427 1905 1724
f 1058 427 1128
f 427 1058 1426
f 427 1426 1280
f 1426 756 598
f 1280 1905 427
f 1280 1426 598
f 1280 390 305
f 1405 806 1131
f 1292 825 475
f 1848 475 825
f 475 1848 806
f 1866 475 806
f 1573 1732 1528
f 1573 475 1861
f 475 1528 1292
f 1528 475 1573
f 1861 475 1667
f 553 741 110
f 652 741 553
f 167 741 652
f 167 652 425
f 1817 937 1609
f 38 297 1067
f 2009 937 741
f 741 167 2009
f 2009 1609 937
f 38 1609 2009
f 167 755 2009
f 755 167 1145
f 1145 167 425
f 2009 297 38
f 755 297 2009
f 755 1842 297
f 1145 1842 755
f 1842 1145 950
f 488 728 756
f 1866 806 1405
f 1405 1131 54
f 1067 297 1842
f 6 38 1067
f 950 6 1067
f 1067 1842 950
f 1667 475 1866
f 1866 1405 665
f 1405 1116 665
f 1487 1866 665
f 1116 1144 665
f 1487 629 1866
f 1667 1866 629
f 1035 153 1487
f 1531 1487 153
f 1487 1531 629
f 1531 153 1358
f 950 1145 1232
f 1175 1772 2007
f 132 1175 2007
f 1978 625 2046
f 1772 1700 636
f 1212 625 1700
f 1772 1754 1700
f 1175 1754 1772
f 1754 2034 1212
f 357 2034 1779
f 1754 615 2034
f 1212 2046 625
f 1212 1034 2046
f 1212 1700 1754
f 2034 1034 1212
f 2034 357 1034
f 1259 1689 1930
f 1930 1689 1329
f 718 1930 1329
f 1930 688 244
f 1259 1930 244
f 1930 718 688
f 196 688 718
f 1650 1596 696
f 696 1596 1839
f 137 1650 574
f 1596 418 1839
f 1839 418 1689
f 137 1329 418
f 1329 1689 418
f 1596 1650 137
f 137 418 1596
f 873 696 1839
f 696 1326 1357
f 1326 696 873
f 696 958 1650
f 696 1357 958
f 958 1118 1650
f 1118 574 1650
f 1118 958 1357
f 416 1118 1357
f 975 2046 1284
f 1034 1284 2046
f 1284 1018 975
f 1259 1217 1689
f 357 1284 1034
f 1329 137 1581
f 1105 1581 137
f 1802 1105 137
f 137 574 1802
f 1581 1105 987
f 1168 179 1802
f 1802 179 1105
f 1166 179 1168
f 1105 179 763
f 1166 763 179
f 1118 1110 574
f 1802 574 1110
f 1118 198 1110
f 1363 1110 198
f 1168 1110 1363
f 1168 1802 1110
f 130 985 1168
f 1168 1363 130
f 985 1166 1168
f 1166 985 1383
f 1112 1383 985
f 45 984 642
f 1262 984 45
f 1262 1383 1112
f 987 718 1581
f 718 987 196
f 987 1105 763
f 1349 987 763
f 196 987 1349
f 763 1166 644
f 644 1349 763
f 2051 644 1166
f 196 1737 238
f 1383 2051 1166
f 2051 1383 1823
f 712 1823 1383
f 1823 1206 2051
f 1206 1823 1833
f 1823 712 1833
f 642 1446 45
f 1446 2033 45
f 2033 1262 45
f 1146 2033 1446
f 2033 1146 1544
f 1544 1146 1274
f 1383 1262 712
f 2033 712 1262
f 712 2033 1544
f 1544 1833 712
f 1833 1115 1206
f 1115 1901 1206
f 1544 1274 1659
f 1659 1274 1079
f 1544 1115 1833
f 1659 1115 1544
f 1527 1901 1115
f 1079 1527 1659
f 1115 1659 1527
f 1817 426 1080
f 1699 426 1817
f 1080 426 714
f 128 1080 714
f 128 714 1668
f 887 1668 714
f 1242 1668 887
f 1688 1242 887
f 1073 1242 1688
f 1629 1073 1688
f 815 1629 676
f 286 1242 1073
f 815 286 1073
f 815 1073 1629
f 1158 128 1668
f 1668 1242 1471
f 1242 286 1471
f 815 1451 286
f 714 1098 887
f 1098 1688 887
f 1098 1436 1688
f 1436 1629 1688
f 676 1629 1436
f 1471 1158 1668
f 1763 1471 286
f 1471 1763 607
f 1471 607 1158
f 607 1763 1142
f 1451 1297 286
f 1297 1763 286
f 1927 1763 1297
f 1763 1927 1142
f 607 1580 1158
f 1142 33 607
f 224 1142 1927
f 224 33 1142
f 1324 224 1927
f 224 1324 30
f 1485 607 33
f 1485 33 1770
f 1580 607 1485
f 1770 810 1485
f 1485 810 1580
f 30 33 224
f 30 1770 33
f 934 810 1770
f 1416 1770 30
f 1416 934 1770
f 810 802 1580
f 1712 810 934
f 810 1712 71
f 1416 1712 934
f 810 71 802
f 71 1712 350
f 686 802 71
f 71 350 686
f 802 1024 611
f 611 1024 1704
f 1978 1264 962
f 1978 2046 1264
f 1872 1264 1153
f 1872 1153 1850
f 1850 1011 1872
f 1153 870 1850
f 1011 1850 1397
f 1131 1011 1397
f 1850 870 1397
f 20 1153 1264
f 20 870 1153
f 20 491 870
f 870 1578 406
f 870 491 1578
f 81 1578 491
f 478 81 491
f 997 1699 1817
f 1699 2020 868
f 997 1910 2020
f 659 2020 1910
f 2020 659 81
f 2020 81 478
f 2020 1699 997
f 975 1264 2046
f 20 1264 1682
f 491 20 1359
f 1643 883 181
f 148 1699 868
f 426 1699 148
f 148 883 426
f 883 714 426
f 714 149 1098
f 868 960 148
f 478 868 2020
f 960 868 478
f 960 478 1359
f 181 883 148
f 960 181 148
f 960 1393 181
f 1393 1643 181
f 150 149 714
f 480 149 150
f 150 157 480
f 1268 714 883
f 150 714 1268
f 942 157 150
f 1124 883 1643
f 883 1124 1268
f 1631 1124 1643
f 959 1268 1124
f 1631 959 1124
f 1192 20 1682
f 1192 1682 885
f 1192 1734 1393
f 126 1643 1393
f 126 1631 1643
f 1393 1734 126
f 997 1817 1609
f 815 676 1368
f 815 1368 1451
f 621 676 1436
f 621 1436 797
f 1569 1368 676
f 1569 676 621
f 797 1436 149
f 149 1436 1098
f 797 149 480
f 955 797 480
f 955 621 797
f 955 1569 621
f 955 480 545
f 545 480 157
f 1735 1569 545
f 1340 1735 545
f 942 1340 157
f 157 1340 545
f 1340 942 967
f 967 1735 1340
f 1735 1493 228
f 599 1330 228
f 228 1493 599
f 1416 30 1330
f 950 1499 1025
f 1499 950 1186
f 1232 1186 950
f 1186 1232 632
f 986 632 752
f 1499 1186 986
f 986 1186 632
f 1232 896 632
f 1708 896 1078
f 632 896 1708
f 1078 752 1708
f 1682 1264 1518
f 975 737 1264
f 737 1518 1264
f 737 548 1518
f 1783 942 150
f 1268 1783 150
f 1631 1952 959
f 1635 1952 1631
f 959 1952 1268
f 1952 1974 1623
f 1623 1268 1952
f 1518 885 1682
f 1602 885 1518
f 619 885 1602
f 1602 496 619
f 1518 548 1602
f 126 1635 1631
f 970 1635 126
f 226 970 1022
f 1635 1974 1952
f 245 1635 970
f 1294 1623 1974
f 245 1974 1635
f 975 1018 1618
f 1618 1600 975
f 1648 1600 1537
f 1277 975 1600
f 975 1277 737
f 1277 1600 1648
f 737 1277 582
f 548 737 582
f 548 582 466
f 466 1602 548
f 1156 582 1277
f 1648 53 1277
f 1277 53 1156
f 1156 466 582
f 496 1602 466
f 466 591 496
f 1156 591 466
f 591 1434 496
f 42 68 1191
f 942 1783 1140
f 942 1140 967
f 1210 1140 1783
f 512 1140 1210
f 750 1210 1783
f 1210 750 758
f 1268 750 1783
f 1210 758 512
f 512 758 678
f 967 1140 512
f 1550 967 512
f 1550 512 678
f 1735 1379 1493
f 1550 1225 1379
f 1493 1379 1738
f 1225 1738 1379
f 199 1493 1738
f 750 1268 1623
f 37 758 750
f 37 678 758
f 37 593 1886
f 593 37 750
f 1550 678 1225
f 83 1225 678
f 83 1738 1225
f 678 37 83
f 83 37 1886
f 83 199 1738
f 1024 593 750
f 1735 967 1379
f 967 1550 1379
f 599 1493 434
f 199 72 434
f 89 72 199
f 1416 434 612
f 1712 1416 612
f 1712 612 350
f 350 612 72
f 434 72 612
f 89 1886 113
f 1886 593 1559
f 1559 113 1886
f 1559 686 113
f 350 113 686
f 1024 802 686
f 89 113 72
f 72 113 350
f 1559 1024 686
f 1024 1559 593
f 83 1886 89
f 83 89 199
f 1294 750 1623
f 1294 1024 750
f 1024 1294 1704
f 1709 1294 1974
f 245 982 1974
f 982 1709 1974
f 527 1279 1367
f 1367 1279 1319
f 397 527 1367
f 1407 397 1367
f 105 982 245
f 1385 105 245
f 1385 915 1202
f 1806 52 1862
f 765 1806 1862
f 205 1862 52
f 319 765 1862
f 316 319 1862
f 1407 316 1862
f 205 1407 1862
f 316 1319 319
f 316 1367 1319
f 1319 823 319
f 1407 1367 316
f 765 319 823
f 1188 671 840
f 1621 1389 936
f 936 1188 840
f 1951 936 840
f 1951 1615 936
f 334 255 1091
f 1091 255 1545
f 255 943 1545
f 1545 943 1654
f 1645 136 334
f 1645 1443 136
f 1645 334 1091
f 180 360 526
f 136 180 334
f 1443 75 136
f 136 75 180
f 173 1645 1091
f 1443 1645 173
f 173 1091 378
f 1693 173 378
f 1693 1443 173
f 1507 1443 1693
f 510 1693 378
f 1507 1693 510
f 423 1507 510
f 1507 1406 1443
f 423 141 1507
f 423 1523 141
f 423 905 1523
f 1523 616 141
f 1548 616 1523
f 1406 1507 141
f 141 616 1406
f 1967 616 1548
f 75 1443 1771
f 1443 1406 1771
f 395 1406 616
f 395 616 1967
f 1758 1771 1406
f 395 1758 1406
f 1967 781 395
f 671 1298 1585
f 671 1585 231
f 1069 231 1585
f 840 671 1951
f 671 231 1151
f 671 1151 1951
f 231 1069 954
f 954 1069 912
f 1151 231 954
f 846 1951 1151
f 1151 954 1339
f 846 1151 1339
f 912 1069 1456
f 954 912 1245
f 1245 912 1456
f 954 1245 1339
f 1245 1456 1538
f 1339 317 567
f 1339 567 846
f 846 567 317
f 1339 1245 145
f 145 317 1339
f 1538 994 1117
f 1245 1538 1117
f 145 1245 1117
f 145 1117 824
f 1724 824 1117
f 1905 824 1724
f 1804 1615 1951
f 846 1804 1951
f 1039 1615 2028
f 1804 846 317
f 2028 1615 1804
f 461 317 145
f 461 1555 317
f 1545 1660 911
f 300 2028 317
f 317 1555 1126
f 300 317 1126
f 2028 1804 317
f 1091 1545 1122
f 1122 1545 911
f 824 461 145
f 824 1905 461
f 1555 461 1530
f 1530 461 1905
f 305 1530 1905
f 1915 930 305
f 1555 1530 1126
f 1530 930 1126
f 305 930 1530
f 1905 1280 305
f 911 1660 1979
f 911 1979 370
f 370 25 1152
f 331 1732 1573
f 370 331 826
f 1573 826 331
f 826 1573 1122
f 911 370 826
f 1122 1573 1861
f 1122 911 826
f 782 1122 1861
f 324 1122 1429
f 378 1091 1122
f 905 510 378
f 423 510 905
f 905 378 335
f 378 1122 335
f 905 992 1523
f 992 905 335
f 1548 1523 992
f 380 1548 992
f 335 1122 1790
f 63 992 335
f 63 335 1790
f 992 63 380
f 63 1790 776
f 63 1568 380
f 1122 324 1790
f 1568 63 776
f 1568 776 41
f 1790 41 776
f 1790 324 41
f 1948 1568 41
f 629 878 1667
f 1084 629 1299
f 782 1861 487
f 1429 1122 782
f 1429 782 487
f 487 656 1429
f 1429 656 1811
f 656 1084 1811
f 1299 1531 194
f 1084 1299 194
f 1084 194 1138
f 194 1531 1138
f 1084 1138 1811
f 1811 1061 1429
f 1061 324 1429
f 1061 41 324
f 1061 929 41
f 929 1948 41
f 929 1470 1948
f 1470 191 1948
f 929 1061 1697
f 1470 929 1214
f 929 1697 1214
f 1697 2002 1214
f 2002 1843 1214
f 1470 1214 1843
f 208 1470 1843
f 1470 208 191
f 1852 1697 1061
f 1061 1811 1852
f 1731 2002 1697
f 1697 1852 329
f 1967 1548 1162
f 1162 1548 380
f 1162 380 1809
f 2029 1162 1809
f 788 803 2029
f 1162 2029 988
f 1335 2029 803
f 543 1335 803
f 543 1243 1335
f 925 803 788
f 1337 803 925
f 1337 543 803
f 543 1337 1721
f 1129 1343 543
f 1809 380 1568
f 1809 788 2029
f 788 1809 1740
f 119 1740 1809
f 788 1740 925
f 1809 1568 119
f 1740 119 121
f 925 1740 1251
f 1251 1740 121
f 1251 121 1265
f 519 1265 121
f 1568 1947 119
f 1947 121 119
f 519 1870 1265
f 55 1721 925
f 1337 925 1721
f 1251 55 925
f 1265 55 1251
f 55 1265 1983
f 55 581 1721
f 1870 1983 1265
f 1129 543 1386
f 1721 581 1170
f 543 1721 1170
f 902 55 1983
f 55 902 581
f 1170 1386 543
f 1642 1983 1870
f 1642 1870 1281
f 581 902 1475
f 1475 902 1983
f 627 581 1475
f 1170 581 1625
f 1386 1170 1625
f 364 1386 1625
f 1642 1815 1983
f 2002 1731 1843
f 1568 1948 191
f 816 208 1843
f 208 816 22
f 556 816 101
f 191 208 22
f 22 816 556
f 1731 1697 329
f 329 265 1731
f 1852 247 329
f 247 1852 294
f 247 265 329
f 1731 816 1843
f 101 1731 265
f 101 816 1731
f 265 154 101
f 1852 1811 294
f 561 294 1811
f 1465 265 247
f 1465 154 265
f 1092 154 1465
f 561 690 294
f 294 690 247
f 690 1465 247
f 690 1092 1465
f 1215 144 690
f 1215 690 561
f 1215 561 142
f 144 1215 721
f 144 1092 690
f 154 556 101
f 1184 1589 271
f 271 1589 1281
f 1983 1815 359
f 1281 1815 1642
f 1815 1281 1589
f 1589 1028 1815
f 1028 1589 1986
f 1028 1986 156
f 1986 1589 1315
f 227 721 1215
f 721 1672 144
f 15 1092 1969
f 144 1969 1092
f 144 1672 1969
f 721 227 1672
f 180 132 360
f 132 2007 360
f 918 1175 132
f 819 918 132
f 918 1754 1175
f 918 615 1754
f 1514 615 918
f 819 132 180
f 180 260 819
f 1514 918 819
f 260 564 819
f 564 1514 819
f 1514 564 1831
f 354 786 1831
f 345 354 1831
f 1558 1421 75
f 1771 1558 75
f 1558 1771 1758
f 260 180 75
f 1421 260 75
f 1075 260 1421
f 1831 564 260
f 1075 1831 260
f 1075 345 1831
f 1075 1157 345
f 562 1075 1421
f 562 1421 830
f 1558 830 1421
f 562 830 146
f 562 1157 1075
f 1157 562 146
f 1314 1855 1157
f 1314 1157 146
f 416 1205 720
f 720 88 198
f 1476 88 720
f 1476 720 1205
f 1357 1326 1147
f 677 1357 1147
f 1099 1357 677
f 416 198 1118
f 416 720 198
f 1099 416 1357
f 1205 416 1099
f 1205 1099 431
f 735 1205 431
f 88 1363 198
f 88 130 1363
f 1762 130 88
f 1476 1762 88
f 762 1262 1427
f 1725 762 1427
f 1725 1427 906
f 594 1640 762
f 1813 1640 594
f 502 762 1725
f 502 594 762
f 263 1813 594
f 1427 1112 985
f 1262 1112 1427
f 1262 762 1640
f 1640 984 1262
f 984 1813 642
f 1640 1813 984
f 735 1476 1205
f 1908 1762 1476
f 1908 906 1762
f 1725 906 1272
f 1908 1476 735
f 1725 1272 908
f 1488 594 1002
f 1002 1760 1488
f 1002 1565 1760
f 1002 594 502
f 502 1725 1565
f 1565 1002 502
f 256 1760 1565
f 1565 1725 908
f 698 1891 337
f 698 337 492
f 698 1271 1891
f 387 1891 1271
f 1226 35 387
f 1226 387 1271
f 1274 580 1079
f 842 1079 667
f 1079 842 1527
f 492 79 698
f 79 1271 698
f 79 1194 1271
f 1194 1100 1271
f 79 492 1286
f 922 1194 79
f 922 1788 1194
f 1788 1100 1194
f 1419 1100 1788
f 1226 1271 1100
f 1835 309 505
f 1835 481 309
f 1835 431 481
f 431 1835 505
f 249 1778 1601
f 505 1601 1778
f 744 505 1778
f 1236 431 505
f 744 1236 505
f 1594 431 1236
f 1728 1778 1199
f 744 1778 1728
f 744 1594 1236
f 744 2037 1594
f 744 1728 388
f 273 2037 744
f 273 744 388
f 2003 1810 1199
f 1728 1199 388
f 1913 388 1199
f 1913 1199 1810
f 1030 2003 1106
f 1810 2003 1030
f 1810 1030 1056
f 1056 1030 111
f 1056 111 812
f 1913 1810 743
f 1810 1056 743
f 349 1913 743
f 349 388 1913
f 388 349 273
f 743 1056 812
f 743 812 438
f 979 1876 256
f 1935 979 256
f 1935 2048 1374
f 1594 2037 1702
f 123 813 2037
f 2037 273 123
f 979 1935 1418
f 1374 1418 1935
f 724 1803 1418
f 717 724 1374
f 2008 1584 858
f 1107 717 672
f 672 717 1374
f 1107 2008 717
f 1584 2008 1107
f 1584 1107 161
f 188 672 1374
f 1464 123 1070
f 123 273 1070
f 349 1070 273
f 188 1107 672
f 1107 188 161
f 188 1464 161
f 1070 900 1464
f 1464 900 474
f 474 743 438
f 1293 1464 474
f 474 653 1293
f 1758 395 129
f 781 1967 1162
f 498 1558 1758
f 395 781 1159
f 1159 129 395
f 129 498 1758
f 358 129 1159
f 1159 781 237
f 1162 237 781
f 1798 1159 237
f 830 1558 498
f 830 498 522
f 146 830 522
f 522 498 129
f 603 146 522
f 603 318 1314
f 1314 318 268
f 603 1314 146
f 129 358 522
f 358 1344 522
f 1480 358 1159
f 1344 358 1480
f 1159 1798 1480
f 603 522 1344
f 1344 318 603
f 1480 318 1344
f 1929 1798 237
f 1929 1480 1798
f 318 1480 1929
f 268 318 1929
f 900 349 743
f 900 1070 349
f 474 900 743
f 1314 990 833
f 530 697 1553
f 530 1826 575
f 842 766 1527
f 1822 1527 766
f 766 842 913
f 913 368 766
f 835 1102 1826
f 1826 1102 575
f 585 368 913
f 778 766 368
f 11 778 368
f 1353 368 585
f 11 368 1353
f 312 1102 5
f 312 5 422
f 1351 111 1477
f 107 1351 489
f 530 1196 1492
f 1196 530 575
f 1492 489 1351
f 1196 489 1492
f 489 1196 1681
f 661 489 1681
f 1681 1196 1190
f 107 812 111
f 111 1351 107
f 489 1942 107
f 812 107 1942
f 812 1942 438
f 1942 661 438
f 489 661 1942
f 1923 990 394
f 161 939 1584
f 575 1190 1196
f 575 1102 1190
f 1669 1190 1102
f 1681 1190 1669
f 1669 831 1681
f 1584 1353 858
f 1353 1584 11
f 939 11 1584
f 1452 422 778
f 422 1452 312
f 1669 1102 312
f 1669 312 1452
f 1452 831 1669
f 939 161 1464
f 1045 1681 831
f 1681 1045 661
f 939 1045 831
f 438 1045 653
f 653 474 438
f 438 661 1045
f 653 939 1293
f 1464 1293 939
f 939 653 1045
f 804 1202 647
f 2024 1202 804
f 2024 804 272
f 272 363 2024
f 601 363 272
f 1806 2024 363
f 52 1806 363
f 601 52 363
f 52 601 1008
f 205 52 1008
f 1898 1651 784
f 1202 2024 344
f 1385 1202 344
f 2024 1806 56
f 344 2024 56
f 765 56 1806
f 1742 105 1385
f 1385 344 1742
f 116 837 544
f 394 275 1923
f 394 544 275
f 116 544 394
f 1898 784 771
f 116 1898 771
f 837 116 771
f 116 394 1887
f 1887 1898 116
f 1162 988 1626
f 217 1162 1626
f 2029 1335 988
f 1243 988 1335
f 484 988 1243
f 988 484 1626
f 1626 484 1605
f 237 1162 217
f 1626 1605 707
f 1626 707 217
f 1343 484 1243
f 1343 1243 543
f 484 1343 47
f 47 1605 484
f 47 1988 1605
f 1343 1129 47
f 47 1129 946
f 47 946 3
f 237 217 1249
f 1988 707 1605
f 164 217 707
f 707 1988 874
f 707 874 246
f 47 3 1988
f 217 164 1249
f 164 707 246
f 1879 874 1988
f 511 874 1879
f 3 1879 1988
f 1782 121 1947
f 191 1947 1568
f 1302 1947 191
f 519 121 1782
f 519 1782 1321
f 1302 1782 1947
f 1376 519 1321
f 1321 1782 229
f 1302 229 1782
f 1256 1321 229
f 229 177 1256
f 898 229 1302
f 177 229 898
f 177 898 1985
f 1302 1985 898
f 1985 1302 980
f 928 980 1302
f 135 1256 177
f 511 246 874
f 511 1444 246
f 1505 1985 725
f 866 725 1444
f 725 866 1505
f 1459 164 246
f 1459 246 1444
f 980 164 1459
f 980 1459 725
f 1459 1444 725
f 980 725 1985
f 1444 511 866
f 511 1829 866
f 1838 177 1505
f 1505 177 1985
f 791 1314 268
f 237 1249 1726
f 1726 1929 237
f 268 1929 1726
f 268 1726 791
f 117 791 1726
f 117 1726 1249
f 993 990 1314
f 1249 164 980
f 1249 980 928
f 1314 791 993
f 993 791 1224
f 1224 791 117
f 1224 117 1249
f 258 1224 1249
f 1224 169 993
f 258 169 1224
f 1129 1386 364
f 364 946 1129
f 3 998 1879
f 662 3 946
f 852 2015 1653
f 1829 511 1879
f 998 1829 1879
f 1829 1371 866
f 1829 2015 1371
f 2015 1829 1653
f 662 946 364
f 1309 662 364
f 1309 3 662
f 22 58 191
f 556 58 22
f 1841 191 58
f 1302 191 1841
f 928 1302 1841
f 663 58 556
f 556 15 663
f 1705 663 140
f 15 556 154
f 15 140 663
f 258 1841 58
f 1050 990 993
f 258 928 1841
f 258 1249 928
f 1900 258 58
f 1900 58 663
f 442 1900 663
f 442 663 1705
f 1900 486 258
f 1050 993 169
f 169 258 486
f 169 486 1956
f 1956 1050 169
f 1956 504 1050
f 274 1956 486
f 274 486 1369
f 1369 486 1900
f 442 1369 1900
f 1956 274 504
f 1458 1315 852
f 1458 852 2011
f 15 154 1092
f 1071 15 1969
f 1969 1672 1071
f 1614 1672 227
f 429 140 15
f 1705 140 369
f 429 15 1071
f 369 140 429
f 29 442 1705
f 1308 274 1369
f 1308 1369 442
f 1881 504 274
f 1308 1881 274
f 1881 1395 504
f 972 442 29
f 972 1587 442
f 972 523 1587
f 1587 1308 442
f 1587 1881 1308
f 1587 1853 1881
f 523 1853 1587
f 29 1705 369
f 429 29 369
f 1395 1881 1853
f 1395 1853 1218
f 1218 1624 1395
f 1071 29 429
f 29 1071 523
f 29 523 972
f 1672 1677 1071
f 1677 1672 1614
f 961 1614 733
f 1071 1677 523
f 523 981 1853
f 1218 1853 981
f 1677 981 523
f 1677 1571 981
f 1218 981 1571
f 1677 961 1571
f 1176 1624 1218
f 1176 961 733
f 961 1677 1614
f 1571 961 1176
f 1218 1571 1176
f 504 394 990
f 504 1887 394
f 990 1050 504
f 1395 1887 504
f 1949 382 1253
f 1253 382 162
f 1949 1253 404
f 404 1253 2005
f 382 1148 814
f 382 814 34
f 34 162 382
f 162 34 1520
f 34 814 1520
f 499 66 162
f 162 1520 499
f 814 1135 1520
f 333 1135 814
f 333 814 1158
f 1520 1135 1059
f 1561 1059 1135
f 1135 333 1616
f 1135 1616 1561
f 1616 1874 1561
f 1352 1616 333
f 1616 346 1874
f 1616 1352 1993
f 1993 346 1616
f 1993 1352 8
f 1305 775 346
f 333 8 1352
f 1993 8 1542
f 1276 1305 346
f 346 1993 1276
f 1542 1276 1993
f 1874 775 1561
f 346 775 1874
f 1561 775 398
f 1489 506 463
f 1305 1489 775
f 463 1612 1489
f 1612 775 1489
f 1305 506 1489
f 1612 463 1460
f 1612 398 775
f 404 18 32
f 18 404 2005
f 951 18 2005
f 726 2005 1253
f 951 2005 726
f 1253 162 66
f 66 726 1253
f 65 18 951
f 65 951 726
f 726 509 65
f 110 18 65
f 110 32 18
f 66 1257 726
f 66 499 74
f 74 499 1101
f 1777 1257 66
f 1777 66 74
f 1957 1777 74
f 1158 611 333
f 1897 1155 223
f 223 682 1017
f 1155 682 223
f 499 1856 1101
f 1520 501 499
f 1059 501 1520
f 499 501 1856
f 501 1059 1551
f 1059 1561 1551
f 501 417 1926
f 1551 417 501
f 1926 1856 501
f 1926 1317 1856
f 1460 463 924
f 1551 1561 1858
f 851 1856 1317
f 1101 1856 851
f 851 1317 1350
f 1350 716 851
f 716 269 851
f 1612 1460 398
f 1323 1460 1390
f 1323 398 1460
f 417 899 1926
f 899 1466 1926
f 417 1551 469
f 1466 899 560
f 899 417 469
f 469 560 899
f 1317 1926 1466
f 560 469 1260
f 1260 469 1686
f 703 1260 1880
f 1260 703 560
f 968 703 1880
f 193 469 1551
f 193 1551 419
f 1686 469 193
f 193 1873 1686
f 1873 193 419
f 1873 1449 1686
f 1880 1260 1686
f 1691 1880 1686
f 1691 1686 1449
f 1977 1350 1317
f 716 1350 1977
f 1317 1466 1723
f 1723 1977 1317
f 1977 1723 716
f 77 716 1723
f 1723 1466 440
f 440 1466 560
f 440 560 703
f 968 1333 703
f 1333 440 703
f 77 1723 1890
f 1890 1723 440
f 1863 1890 440
f 1863 440 1333
f 1333 968 1201
f 1333 1121 1863
f 968 1880 1201
f 1880 1933 1201
f 1019 1691 2018
f 1933 1691 1019
f 1691 1933 1880
f 1121 1333 1201
f 1019 894 711
f 595 1201 1933
f 711 1933 1019
f 595 1933 711
f 1010 1101 851
f 1010 851 269
f 1957 74 746
f 746 74 1101
f 1957 746 1975
f 1509 1957 1975
f 1937 1509 1975
f 746 1101 403
f 1975 746 1012
f 1012 746 403
f 1937 1975 1012
f 1010 269 186
f 186 792 1010
f 1010 792 1101
f 1325 1939 792
f 403 1101 1939
f 1939 1101 792
f 459 403 1939
f 1012 403 459
f 1939 1361 12
f 459 1939 12
f 1937 1012 1795
f 895 1795 1012
f 1160 1937 1795
f 1160 1795 1013
f 1013 1513 1160
f 1525 1160 1513
f 291 1513 1013
f 1513 291 1472
f 1525 1513 1472
f 269 716 77
f 186 269 77
f 186 77 848
f 848 792 186
f 1325 792 848
f 1890 848 77
f 1325 848 1890
f 1361 1890 1863
f 1529 1361 1863
f 976 1863 1121
f 976 1121 595
f 1939 1325 1890
f 1361 1939 1890
f 1863 976 1529
f 2040 1529 976
f 12 1361 1529
f 1356 1529 2040
f 2040 976 772
f 595 1121 1201
f 772 976 595
f 49 595 711
f 1749 711 894
f 49 711 1749
f 772 595 49
f 772 1469 2040
f 49 1749 1871
f 1871 1749 1364
f 1375 772 49
f 1375 49 1871
f 995 1871 1364
f 789 995 1364
f 895 1012 459
f 1013 1795 895
f 1394 1013 895
f 895 953 732
f 12 1356 459
f 895 459 953
f 953 459 1356
f 12 1529 1356
f 2040 1469 1356
f 1469 953 1356
f 291 1394 732
f 414 291 732
f 291 1013 1394
f 1472 291 414
f 1394 895 732
f 732 415 414
f 953 67 732
f 1472 414 415
f 415 732 67
f 67 953 1469
f 125 67 1469
f 1375 125 1469
f 1375 1469 772
f 125 1375 1871
f 125 1871 31
f 31 1472 125
f 31 1871 995
f 31 995 789
f 789 1836 31
f 125 415 67
f 415 125 1472
f 1472 31 1836
f 65 509 110
f 211 509 1698
f 509 553 110
f 553 509 211
f 652 553 1338
f 211 1338 553
f 1257 509 726
f 1698 509 1257
f 211 1698 1592
f 1698 1257 1777
f 1592 1698 1777
f 211 1592 1338
f 425 652 1338
f 1592 547 1338
f 547 425 1338
f 1592 1777 1759
f 1759 1777 1957
f 1592 1759 1787
f 1592 1787 547
f 1759 1509 1787
f 1787 1509 477
f 1759 1957 1509
f 425 547 1145
f 298 1145 1088
f 1088 1145 547
f 1787 477 1354
f 871 1787 1354
f 547 1787 871
f 871 1354 69
f 477 1155 1897
f 1583 1155 477
f 1354 477 1897
f 477 1509 251
f 251 1583 477
f 251 1372 1583
f 223 69 1897
f 682 1155 1583
f 1017 1103 223
f 90 1017 682
f 1103 1017 90
f 69 223 1103
f 1354 1897 69
f 455 90 1463
f 682 1583 869
f 1583 1372 869
f 90 682 869
f 1005 90 869
f 869 1372 1005
f 1005 1463 90
f 259 1630 455
f 1108 1630 259
f 1103 1180 69
f 871 69 1180
f 1180 1103 361
f 1180 361 1630
f 1180 1630 1108
f 455 1103 90
f 361 1103 455
f 1630 361 455
f 687 455 1463
f 259 455 687
f 547 871 1180
f 687 1463 640
f 1509 1937 251
f 251 670 1372
f 1372 670 1005
f 2049 1005 670
f 251 1160 670
f 251 1937 1160
f 1160 2049 670
f 2049 1160 1525
f 539 1005 2049
f 1411 1005 539
f 1463 1005 1411
f 1304 1525 1472
f 2049 1525 1304
f 640 1463 1411
f 1411 539 411
f 411 539 377
f 103 640 1411
f 1411 411 103
f 539 2049 377
f 377 2049 1304
f 1304 1663 377
f 411 927 103
f 531 411 377
f 411 531 927
f 531 377 1663
f 103 927 1638
f 640 103 1638
f 1945 927 531
f 1304 1472 1836
f 1304 1836 44
f 1304 44 1348
f 1663 1304 520
f 1663 1729 531
f 1729 1663 520
f 1945 531 1729
f 24 1348 1422
f 520 1304 1348
f 520 1348 24
f 1729 520 24
f 24 709 1729
f 1796 1729 709
f 927 1945 454
f 1796 1945 1729
f 1348 44 122
f 945 1348 122
f 536 945 122
f 1422 1348 945
f 1422 709 24
f 1468 709 1422
f 8 333 611
f 1172 996 1193
f 463 1193 996
f 463 996 924
f 1172 1193 525
f 525 506 1412
f 506 1193 463
f 1193 506 525
f 923 1172 2013
f 1172 525 2013
f 1542 8 1673
f 1542 1673 1276
f 1305 1412 506
f 578 1412 1305
f 1391 1412 578
f 2013 525 1412
f 2013 1412 877
f 1158 1580 611
f 8 611 602
f 853 602 611
f 1081 602 853
f 853 793 1081
f 1673 8 602
f 1673 614 1276
f 1305 1276 614
f 602 1081 1673
f 614 1673 1081
f 578 1305 614
f 1081 793 614
f 853 299 793
f 299 853 1961
f 1658 299 1961
f 853 611 1347
f 853 1347 1961
f 43 1961 1347
f 43 1658 1961
f 584 1658 1696
f 43 1696 1658
f 299 614 793
f 1658 578 614
f 614 299 1658
f 578 1658 584
f 578 584 1391
f 996 1172 971
f 996 1240 924
f 924 749 39
f 1390 924 39
f 1390 597 1323
f 923 1283 971
f 39 749 1757
f 39 1757 1676
f 1390 321 597
f 321 524 597
f 39 321 1390
f 321 39 1860
f 1757 807 1599
f 1599 1676 1757
f 809 524 321
f 1860 809 321
f 1167 809 1860
f 1676 1860 39
f 809 1167 2018
f 1167 1860 1854
f 1854 1860 1676
f 1167 1854 2018
f 2018 1370 1019
f 1370 2018 1854
f 1114 1854 1676
f 1114 1676 2036
f 2036 1676 1599
f 894 1370 1854
f 894 1854 1114
f 894 1019 1370
f 104 143 1342
f 1283 143 104
f 250 576 2044
f 2044 576 1248
f 1749 894 1364
f 894 1114 1364
f 789 1114 2036
f 1364 1114 789
f 409 789 2036
f 877 1412 1391
f 1580 802 611
f 50 1347 611
f 1347 1409 43
f 1409 1347 50
f 1696 43 1409
f 50 557 1409
f 1503 1409 557
f 114 50 611
f 182 50 114
f 50 1878 557
f 182 1503 557
f 1696 1503 584
f 50 2041 1878
f 557 1878 2041
f 50 182 2041
f 2041 182 557
f 611 1704 114
f 584 1503 850
f 850 1391 584
f 1087 1342 143
f 1087 1248 1342
f 916 1248 1087
f 1248 916 2044
f 250 2044 916
f 402 916 1087
f 916 1341 250
f 402 1341 916
f 250 767 1189
f 767 250 1341
f 341 1189 234
f 234 1189 767
f 197 341 234
f 1232 1145 298
f 1232 298 896
f 896 298 1610
f 1610 298 1800
f 1800 1968 1610
f 1800 298 1088
f 1088 1313 1800
f 1968 1800 1313
f 719 1088 547
f 1088 85 1313
f 85 1088 1711
f 1711 1088 719
f 1180 1108 485
f 485 1108 1207
f 259 1207 1108
f 259 1373 1207
f 1207 1547 485
f 1180 485 1547
f 687 1373 259
f 1373 1547 1207
f 1036 1547 1373
f 1588 1036 1373
f 687 640 1955
f 248 1180 1547
f 719 547 1180
f 1916 1180 248
f 719 1180 1916
f 1547 1036 248
f 436 1588 1373
f 687 436 1373
f 687 1955 436
f 1036 155 248
f 155 476 248
f 155 1036 1588
f 558 155 1588
f 476 155 558
f 476 159 1916
f 1916 248 476
f 436 338 1588
f 1603 1078 896
f 1603 896 1610
f 1603 700 1078
f 1610 700 1603
f 700 1610 1968
f 700 1968 1229
f 1313 2012 1968
f 7 1229 1968
f 1968 2012 7
f 80 1313 85
f 2012 1313 80
f 85 1946 80
f 719 623 1711
f 1730 1203 1711
f 623 719 1916
f 623 1916 372
f 372 1916 1055
f 679 338 436
f 436 1955 307
f 679 436 307
f 1481 679 307
f 573 679 1481
f 1481 1797 573
f 640 1638 1955
f 451 1796 709
f 1468 451 709
f 1526 451 1468
f 1526 1882 495
f 1638 927 454
f 964 1638 454
f 618 454 1945
f 1638 964 1955
f 307 1955 964
f 964 454 618
f 618 1945 1796
f 618 1796 1066
f 307 964 1481
f 847 964 618
f 1797 964 847
f 964 1797 1481
f 451 1066 1796
f 1526 1066 451
f 1845 182 114
f 1670 1503 182
f 1503 1670 850
f 1670 182 1845
f 1845 114 2010
f 2010 1859 1845
f 850 1670 1404
f 1845 1404 1670
f 1859 1404 1845
f 768 1391 850
f 1859 850 1404
f 1859 768 850
f 1730 1711 1300
f 372 1300 1711
f 372 1711 623
f 864 372 1055
f 372 864 253
f 1279 527 1300
f 372 253 1300
f 1300 1319 1279
f 397 2019 527
f 573 1944 550
f 573 1797 1819
f 864 1055 1516
f 253 823 1300
f 823 253 343
f 343 1918 823
f 1319 1300 823
f 1918 765 823
f 1516 343 864
f 864 343 253
f 1516 1437 343
f 1918 571 765
f 571 1918 1437
f 1918 343 1437
f 2045 1187 890
f 1819 1944 573
f 1944 1819 2045
f 1819 1187 2045
f 694 910 1641
f 694 1641 1479
f 1526 26 1066
f 1526 495 26
f 1004 1479 1641
f 495 1479 1004
f 1599 807 168
f 807 576 684
f 684 168 807
f 250 684 576
f 1533 1161 684
f 1533 684 250
f 1590 168 684
f 409 1599 168
f 409 168 1590
f 2036 1599 409
f 517 409 1590
f 1590 684 1161
f 1533 341 1161
f 1161 517 1590
f 1557 517 1161
f 1557 1161 341
f 789 409 1836
f 1502 409 517
f 1502 517 1557
f 322 1502 1557
f 1515 409 1502
f 1141 1557 341
f 322 1557 1141
f 44 1836 409
f 494 1515 1502
f 1515 44 409
f 494 1502 322
f 1515 122 44
f 122 1515 494
f 494 1570 122
f 1570 494 1048
f 322 1141 494
f 1048 494 1141
f 1141 341 76
f 1048 1141 76
f 250 1189 1533
f 341 1533 1189
f 1468 536 655
f 1570 655 536
f 1468 945 536
f 122 1570 536
f 655 1570 1048
f 1468 1422 945
f 1468 655 1882
f 1468 1882 1526
f 655 1048 195
f 1048 694 195
f 76 694 1048
f 195 1882 655
f 1882 195 1479
f 1479 495 1882
f 195 694 1479
f 392 76 341
f 694 76 392
f 392 341 197
f 1358 464 1138
f 1332 1138 1720
f 1811 1138 1332
f 1811 1332 1776
f 401 1332 2031
f 1776 1332 401
f 401 832 1776
f 1366 401 2031
f 1392 1366 2031
f 1173 401 1366
f 832 401 1173
f 1366 1392 1173
f 1392 1959 1173
f 832 1173 710
f 710 1173 1959
f 710 1959 1453
f 1579 1811 1776
f 1258 1811 1579
f 561 1811 142
f 1258 142 1811
f 227 1215 142
f 227 142 373
f 373 142 1258
f 1258 1579 373
f 729 200 373
f 227 373 200
f 227 200 222
f 1579 1776 729
f 515 729 1776
f 729 515 200
f 729 373 1579
f 515 1776 832
f 515 832 664
f 664 832 710
f 664 200 515
f 1208 200 664
f 1288 1208 664
f 1332 1720 1500
f 751 1332 1500
f 751 1500 1211
f 2031 751 1211
f 1332 751 2031
f 1808 2031 1211
f 1808 1211 1233
f 1392 2031 1808
f 1392 1808 1233
f 1392 1233 1976
f 1976 1233 184
f 1392 1976 1021
f 1959 1392 1021
f 1453 1959 1021
f 1976 184 1021
f 1651 1222 1834
f 1898 1222 1651
f 1388 1222 1898
f 1819 1797 183
f 1819 183 1187
f 1797 314 183
f 314 1797 847
f 1887 1388 1898
f 270 1388 674
f 1388 1887 674
f 270 326 1388
f 323 270 674
f 323 674 1887
f 1690 270 323
f 70 323 1887
f 1671 1066 26
f 849 618 1066
f 439 740 184
f 439 1450 740
f 222 2050 733
f 222 1614 227
f 1614 222 733
f 733 1769 1176
f 710 1288 664
f 1934 1453 1021
f 1288 2050 1208
f 834 1288 1934
f 2050 222 200
f 2050 200 1208
f 1288 834 2050
f 1453 1288 710
f 1453 1934 1288
f 1021 184 740
f 1934 1021 740
f 1984 1934 740
f 1934 1984 834
f 1694 1984 740
f 1694 740 1450
f 834 1984 1694
f 439 184 920
f 920 326 1999
f 1690 70 1999
f 1690 323 70
f 70 1857 1999
f 439 1999 1857
f 490 1857 70
f 439 920 1999
f 1932 439 1857
f 439 1932 1450
f 798 1450 1932
f 818 1450 798
f 733 2050 365
f 834 365 2050
f 834 1015 365
f 1015 818 2038
f 1611 365 1015
f 490 70 1887
f 490 1887 1001
f 1318 1857 490
f 1857 798 1932
f 1611 1318 490
f 798 2038 818
f 1318 2038 798
f 1611 2038 1318
f 1318 798 1857
f 2038 1611 1015
f 1624 1887 1395
f 1887 1624 1001
f 733 1644 1769
f 1624 1769 1644
f 1644 733 822
f 1644 1001 1624
f 1644 822 1001
f 1176 1769 1624
f 822 490 1001
f 822 733 365
f 365 1611 822
f 490 822 1611
f 1450 818 1694
f 1694 1015 834
f 1015 1694 818
f 1707 276 680
f 566 1707 673
f 559 1227 673
f 566 673 1227
f 1227 1662 566
f 1707 566 276
f 566 1662 276
f 458 276 1662
f 1398 1178 1336
f 1178 1398 124
f 1398 863 124
f 862 124 863
f 1964 124 862
f 124 1964 1174
f 1174 1178 124
f 903 1178 1174
f 1432 903 1174
f 1181 863 1540
f 1181 862 863
f 862 1440 1964
f 204 1432 1174
f 1964 1440 17
f 1389 1964 17
f 1174 1964 204
f 1389 204 1964
f 1440 862 1181
f 240 800 1382
f 1440 1181 1884
f 1389 17 1188
f 1774 204 1389
f 1188 17 1298
f 1440 1298 17
f 933 1440 1884
f 1440 933 1298
f 1336 1178 691
f 1254 1718 673
f 691 1718 212
f 1718 1254 212
f 1995 1718 691
f 1718 1995 559
f 559 1995 514
f 691 1178 903
f 903 1995 691
f 903 1432 2023
f 2023 1995 903
f 1037 1438 1093
f 1438 551 1556
f 1235 551 1438
f 1997 1438 1037
f 1235 1438 1997
f 1235 1936 551
f 1936 1235 827
f 827 1235 1997
f 800 551 1936
f 1439 559 514
f 28 514 1995
f 1047 1995 2023
f 1047 28 1995
f 1439 514 28
f 1291 282 1439
f 282 203 1439
f 282 1867 203
f 889 1867 282
f 1744 1378 1867
f 1744 1867 1090
f 889 1801 1867
f 1801 1090 1867
f 1077 1991 1744
f 1991 1077 1722
f 1744 1090 1077
f 1090 1801 1722
f 1722 1077 1090
f 559 673 1718
f 236 172 1441
f 236 1441 203
f 172 1227 1441
f 1441 1227 559
f 172 1662 1227
f 172 236 209
f 209 236 1378
f 209 1378 408
f 1439 1441 559
f 1439 203 1441
f 1378 236 203
f 1867 1378 203
f 1744 408 1378
f 1991 408 1744
f 408 1991 947
f 989 1991 1722
f 1722 1221 891
f 891 989 1722
f 745 811 891
f 1221 745 891
f 1432 304 2023
f 204 304 1432
f 1747 304 204
f 285 304 1747
f 285 1047 304
f 1120 1382 800
f 1120 800 516
f 827 516 1936
f 516 800 1936
f 1120 516 1000
f 1000 516 827
f 1213 827 36
f 1950 1382 1120
f 1950 1120 1213
f 1213 1120 1000
f 1000 827 1213
f 2023 304 1047
f 1047 935 28
f 1291 1439 28
f 935 1291 28
f 1911 889 282
f 282 1291 1911
f 1789 889 1911
f 1047 261 935
f 1911 1291 935
f 1911 421 1789
f 202 1958 1789
f 935 1150 1911
f 421 1911 1150
f 202 1789 692
f 692 1789 421
f 1789 1801 889
f 1958 1801 1789
f 944 1747 204
f 1774 944 204
f 1747 944 285
f 1365 285 944
f 1365 944 1774
f 1365 1104 285
f 1621 1365 1774
f 285 261 1047
f 1104 261 285
f 261 1150 935
f 1150 261 1104
f 1521 692 421
f 692 1521 1733
f 1784 1183 1733
f 875 1150 1104
f 1716 421 875
f 875 421 1150
f 255 334 1825
f 1784 1733 482
f 482 1733 1521
f 592 421 1716
f 592 1521 421
f 482 1521 592
f 787 592 1716
f 592 787 931
f 592 931 482
f 482 943 1784
f 1164 931 787
f 931 1454 482
f 1454 931 1164
f 943 482 1454
f 118 1634 1164
f 1454 1164 1654
f 1654 1164 1634
f 1938 745 1958
f 759 745 1938
f 759 1830 745
f 202 1938 1958
f 278 759 1938
f 1183 1938 202
f 1183 202 692
f 278 1938 1183
f 636 759 278
f 1958 1094 1801
f 1094 1958 1221
f 1958 745 1221
f 1801 1094 1722
f 1722 1094 1221
f 255 1825 1183
f 1825 526 278
f 1183 1825 278
f 334 526 1825
f 692 1733 1183
f 1183 1784 255
f 1655 841 529
f 841 1655 1928
f 841 1928 1065
f 841 1065 1461
f 1461 1065 1220
f 189 1065 1928
f 1163 1864 761
f 1362 1163 761
f 1220 1065 189
f 1220 189 1216
f 328 1311 882
f 1311 1216 1847
f 1846 1655 680
f 680 276 1846
f 1655 1846 685
f 739 1846 276
f 1846 739 685
f 938 685 739
f 458 739 276
f 1893 739 458
f 1893 938 739
f 1414 938 1893
f 1655 685 1928
f 1928 685 1692
f 1928 1692 189
f 424 189 1692
f 685 938 457
f 457 1692 685
f 1692 457 424
f 1414 457 938
f 1143 457 1414
f 158 457 1143
f 424 1053 189
f 1053 1216 189
f 1053 1847 1216
f 243 1053 424
f 158 424 457
f 158 243 424
f 1950 836 1382
f 1237 1382 836
f 683 1237 836
f 78 1237 683
f 888 78 683
f 933 1884 1069
f 78 888 347
f 1832 347 888
f 1328 617 1566
f 617 1093 977
f 1093 617 1328
f 1980 1093 1328
f 1980 1328 973
f 1328 1566 1234
f 1563 1234 1566
f 1727 1234 1563
f 1234 973 1328
f 1727 546 1234
f 1234 546 973
f 568 1727 1563
f 311 95 1478
f 568 1478 95
f 546 1727 568
f 546 568 2022
f 311 838 95
f 568 95 1287
f 2022 568 1287
f 1287 95 838
f 1287 1490 2022
f 838 1490 1287
f 838 311 420
f 420 1490 838
f 2022 1490 921
f 921 1490 1134
f 467 1134 1490
f 1997 1037 528
f 1997 528 289
f 1037 1093 528
f 528 1093 1980
f 1980 289 528
f 973 289 1980
f 36 1997 289
f 1997 36 827
f 257 2022 921
f 761 328 242
f 242 328 882
f 242 882 963
f 1311 865 882
f 865 963 882
f 865 1250 963
f 628 1966 1134
f 628 1134 783
f 628 783 1512
f 287 131 1931
f 1512 131 287
f 1512 232 628
f 232 1512 820
f 232 820 1903
f 232 1185 628
f 1849 232 1903
f 293 232 1849
f 1133 1512 287
f 1970 761 1401
f 660 761 1027
f 1027 761 242
f 761 660 1401
f 856 660 1027
f 1931 131 467
f 1134 131 783
f 131 1512 783
f 1647 957 1086
f 353 957 1647
f 371 1086 957
f 957 1577 371
f 1903 820 1577
f 1903 1577 353
f 353 1577 957
f 1133 1577 820
f 1133 820 1512
f 1223 371 1577
f 1223 1577 1133
f 1647 1086 1543
f 1543 1086 371
f 371 1223 1543
f 1647 1849 353
f 1647 1543 1849
f 1849 1903 353
f 1223 1849 1543
f 1223 293 1849
f 293 1223 1133
f 201 963 1250
f 785 201 1250
f 209 1893 1662
f 209 1414 1893
f 408 1981 209
f 947 1981 408
f 947 1922 1981
f 1143 1414 209
f 1981 1143 209
f 907 1981 1922
f 907 1320 1981
f 579 1685 158
f 579 1143 1981
f 579 158 1143
f 579 1981 1320
f 1768 339 907
f 907 962 1768
f 579 1320 339
f 579 339 1462
f 1320 907 339
f 1768 60 339
f 1462 339 60
f 1768 1264 60
f 886 622 1991
f 1991 622 947
f 989 886 1991
f 622 1922 947
f 811 622 886
f 1062 811 745
f 59 811 1062
f 59 1922 622
f 622 811 59
f 989 891 811
f 811 886 989
f 59 907 1922
f 962 59 1062
f 907 59 962
f 1847 1053 243
f 865 1311 1847
f 1250 865 892
f 865 243 596
f 892 865 596
f 243 158 1685
f 1462 1685 579
f 92 1685 1462
f 92 243 1685
f 264 92 1462
f 243 865 1847
f 609 243 92
f 609 596 243
f 264 1462 60
f 1820 609 264
f 785 1250 892
f 892 1535 785
f 1535 892 596
f 668 785 1535
f 1899 596 609
f 1899 609 1820
f 1535 596 1899
f 1899 1820 1848
f 1848 1820 806
f 1899 668 1535
f 106 668 1899
f 1950 1213 569
f 569 1213 36
f 569 36 1238
f 1238 754 133
f 1083 836 1950
f 926 836 1083
f 926 1083 535
f 683 836 926
f 1238 133 1083
f 535 1083 133
f 535 133 1290
f 926 535 1123
f 1123 535 1290
f 86 1290 1828
f 1123 1290 206
f 206 1290 86
f 86 483 206
f 86 51 1278
f 483 86 983
f 983 86 1278
f 888 683 926
f 888 926 1703
f 1123 1703 926
f 1703 1832 888
f 1130 1832 1703
f 1832 1994 347
f 206 1130 1703
f 1703 1123 206
f 483 1130 206
f 1832 87 1994
f 1832 1130 87
f 87 320 1994
f 483 87 1130
f 483 857 87
f 857 483 983
f 470 87 620
f 857 983 428
f 620 87 857
f 428 620 857
f 1252 1998 254
f 549 1252 254
f 232 293 1185
f 1473 1278 1185
f 1473 1185 293
f 1473 293 1252
f 1133 1252 293
f 549 1473 1252
f 1252 1133 1998
f 1998 1133 287
f 470 549 254
f 1473 932 1278
f 932 1473 633
f 633 1473 549
f 470 633 549
f 932 983 1278
f 428 932 470
f 633 470 932
f 428 983 932
f 1052 598 756
f 87 470 320
f 470 620 428
f 1052 785 1377
f 1052 1377 1824
f 1377 785 668
f 1377 668 1824
f 598 1052 1824
f 303 1824 668
f 303 668 106
f 462 303 106
f 462 106 1292
f 1899 1848 825
f 106 1899 825
f 1292 106 825
f 1433 389 634
f 634 389 340
f 1433 634 390
f 340 389 1732
f 331 340 1732
f 1433 1824 303
f 390 1824 1433
f 598 1824 390
f 1280 598 390
f 389 303 462
f 462 1732 389
f 1528 462 1292
f 1732 462 1528
f 303 389 1433
f 1532 1027 242
f 1027 1532 728
f 1532 242 963
f 1532 963 201
f 728 1532 201
f 728 201 1052
f 785 1052 201
f 488 856 1027
f 488 1027 728
f 728 1052 756
f 727 54 1131
f 1487 665 1144
f 54 1116 1405
f 727 218 54
f 1116 54 218
f 1014 1116 218
f 1116 1014 1144
f 1606 1144 1014
f 352 1035 1482
f 352 1706 1035
f 1606 352 1482
f 1482 1487 1144
f 1487 1482 1035
f 1606 1482 1144
f 986 153 1035
f 752 805 153
f 1358 153 1678
f 805 1678 153
f 464 805 367
f 464 1678 805
f 1779 2034 615
f 196 238 688
f 583 688 238
f 1839 1689 1217
f 1217 1171 1839
f 1839 1171 873
f 799 873 1171
f 112 102 1171
f 1132 1448 112
f 112 1171 1132
f 1132 1171 1217
f 605 1018 1284
f 1895 1618 1018
f 718 1329 1581
f 1132 1217 1244
f 1448 1132 1244
f 1217 1259 356
f 1259 244 1006
f 688 1006 244
f 356 1259 1006
f 356 1006 693
f 1244 1217 356
f 1244 430 1586
f 430 1244 356
f 430 356 693
f 1941 430 693
f 605 357 1779
f 605 1284 357
f 1766 1779 450
f 1766 605 1779
f 605 1766 1914
f 1914 1241 605
f 452 1018 605
f 605 1241 452
f 1057 1018 452
f 1018 1057 1895
f 1586 1448 1244
f 1209 1448 1586
f 941 112 1448
f 941 1448 1310
f 748 941 1310
f 748 1310 295
f 1241 295 624
f 1310 1448 1209
f 1209 295 1310
f 748 1241 407
f 295 1241 748
f 1895 1773 1618
f 590 288 1895
f 1586 1639 1209
f 1586 430 1639
f 1639 430 1941
f 1941 288 590
f 590 1639 1941
f 624 452 1241
f 452 624 1057
f 624 295 1057
f 1057 295 590
f 1415 295 1209
f 1415 590 295
f 1057 590 1895
f 1415 1209 1639
f 1639 590 1415
f 1746 583 238
f 238 1737 1746
f 642 1085 1446
f 97 1146 1085
f 1085 1146 1446
f 97 974 1146
f 974 1274 1146
f 580 1274 974
f 279 1927 1297
f 1324 1927 279
f 166 1131 1397
f 1397 870 406
f 406 82 1397
f 82 406 1578
f 166 1397 82
f 313 166 82
f 1954 166 313
f 952 1954 790
f 790 1954 151
f 151 1954 313
f 1246 151 313
f 790 151 1384
f 151 1246 1384
f 82 1578 626
f 626 1649 82
f 1649 626 659
f 313 82 1649
f 659 1910 705
f 705 1246 659
f 313 1649 1246
f 659 1246 1649
f 1578 81 626
f 659 626 81
f 1246 705 1384
f 1359 478 491
f 1636 1359 20
f 1636 960 1359
f 1393 960 1636
f 1192 1636 20
f 1636 1192 1393
f 1734 1192 885
f 1197 885 619
f 885 1197 1734
f 1734 796 126
f 952 166 1954
f 952 790 1837
f 1384 1837 790
f 997 705 1910
f 705 997 1609
f 38 705 1609
f 545 1569 955
f 228 279 1368
f 1368 1735 228
f 1368 1569 1735
f 1451 1368 279
f 279 1297 1451
f 279 228 1324
f 1324 228 1330
f 1324 1330 30
f 434 1330 599
f 1416 1330 434
f 1131 166 952
f 1266 38 6
f 38 1266 705
f 705 860 1384
f 1837 308 952
f 1266 860 705
f 308 1837 1384
f 308 1384 860
f 727 1131 952
f 9 1266 6
f 727 952 308
f 860 727 308
f 860 738 727
f 738 860 1266
f 1266 383 738
f 383 1266 9
f 9 6 950
f 1025 9 950
f 1646 9 1025
f 1606 1646 352
f 352 1646 1706
f 383 9 1646
f 383 1646 1606
f 1646 1025 64
f 64 1025 1499
f 219 64 1499
f 219 1035 1706
f 1706 1646 64
f 64 219 1706
f 727 738 218
f 218 738 1014
f 1014 738 1606
f 383 1606 738
f 986 219 1499
f 219 986 1035
f 752 153 986
f 1078 700 752
f 752 632 1708
f 805 752 367
f 367 752 700
f 496 1522 619
f 84 1197 619
f 619 1522 84
f 2035 1734 1197
f 1197 84 2035
f 801 2035 84
f 126 796 970
f 2035 796 1734
f 1022 970 796
f 801 796 2035
f 1023 1022 796
f 1840 1006 1169
f 693 1006 1840
f 1618 1773 1600
f 1396 1600 1773
f 1331 1396 1773
f 1600 1396 1537
f 1430 1396 1331
f 641 1648 1537
f 1537 1396 641
f 552 641 1296
f 1296 641 1396
f 1296 1396 1430
f 479 1840 1169
f 693 1840 479
f 1417 693 479
f 479 1430 1417
f 1417 1430 1331
f 1430 479 708
f 708 1296 1430
f 1648 641 53
f 704 53 641
f 16 1156 53
f 120 1296 708
f 1773 1895 1331
f 288 1331 1895
f 1941 1417 288
f 693 1417 1941
f 1331 288 1417
f 552 704 641
f 4 704 552
f 552 1296 120
f 4 552 120
f 736 704 4
f 1792 704 736
f 1198 16 53
f 704 1198 53
f 708 262 120
f 94 262 708
f 93 1792 736
f 93 736 4
f 93 4 120
f 375 1792 93
f 120 281 93
f 1684 1198 1792
f 1792 1198 704
f 281 120 262
f 1786 281 262
f 84 1909 801
f 1522 1775 84
f 84 1775 1909
f 1434 1522 496
f 917 1909 1775
f 1522 1434 1775
f 917 801 1909
f 563 801 917
f 563 1713 801
f 497 1775 1434
f 497 917 1775
f 657 563 917
f 796 801 1023
f 1713 1023 801
f 1179 1023 1713
f 1179 1022 1023
f 1179 226 1022
f 1713 563 631
f 631 1179 1713
f 657 631 563
f 500 631 657
f 1743 1179 631
f 1748 1179 1743
f 1748 226 1179
f 226 1748 1962
f 1434 591 16
f 1156 16 591
f 245 970 226
f 226 1962 245
f 915 245 1962
f 1661 657 917
f 917 542 1661
f 542 917 497
f 446 497 1434
f 542 497 446
f 1345 1661 542
f 649 1345 542
f 649 542 446
f 1661 500 657
f 1068 631 500
f 1068 1743 631
f 1068 1748 1743
f 1068 1679 1748
f 1962 1748 1679
f 1345 391 1661
f 391 500 1661
f 500 391 165
f 500 2042 1068
f 500 165 2042
f 1992 1434 16
f 1992 446 1434
f 1992 649 446
f 16 649 1992
f 1006 688 1169
f 1169 688 583
f 855 1169 583
f 1504 583 1746
f 855 583 1504
f 1169 708 479
f 1169 855 708
f 68 855 1504
f 855 42 708
f 42 855 68
f 68 1504 1051
f 1746 1737 1504
f 1051 1504 1737
f 94 708 42
f 94 42 1191
f 1786 262 94
f 1786 94 1191
f 1191 835 1786
f 399 187 1051
f 187 68 1051
f 1191 68 187
f 21 1191 187
f 199 434 1493
f 1127 1679 1068
f 1127 1068 2042
f 1679 1127 138
f 1679 915 1962
f 647 915 1679
f 138 647 1679
f 1202 915 647
f 1385 245 915
f 1365 1621 936
f 1104 1365 589
f 936 589 1365
f 1039 589 936
f 1615 1039 936
f 875 1104 589
f 589 1716 875
f 589 787 1716
f 787 589 118
f 589 1039 118
f 118 1164 787
f 255 1784 943
f 943 1454 1654
f 1821 1545 1654
f 118 115 1634
f 1821 1654 1634
f 1821 1634 115
f 115 118 610
f 115 1564 1821
f 610 1564 115
f 1564 610 14
f 610 533 14
f 118 1039 2028
f 355 118 2028
f 355 2028 300
f 1821 1660 1545
f 610 118 355
f 355 533 610
f 533 13 14
f 355 300 533
f 533 300 1972
f 1972 300 1126
f 305 390 634
f 1915 305 634
f 930 1915 1972
f 1126 930 1972
f 1564 1442 1821
f 1442 1564 14
f 1660 1821 1442
f 1660 1442 14
f 1660 14 13
f 1660 13 1979
f 13 533 1979
f 1979 533 25
f 25 533 1972
f 370 1979 25
f 1972 1915 1152
f 1152 25 1972
f 1152 331 370
f 634 1152 1915
f 1152 634 340
f 1152 340 331
f 656 1667 878
f 1861 1667 656
f 1861 656 487
f 656 878 629
f 656 629 1084
f 629 1531 1299
f 1531 1358 1138
f 1358 1678 464
f 1870 519 1376
f 1870 1376 1281
f 1376 271 1281
f 1940 1779 615
f 1675 615 1514
f 1675 1940 615
f 635 1940 1675
f 508 1675 1514
f 1113 1675 508
f 1113 1844 1675
f 1844 635 1675
f 472 1381 1113
f 1831 508 1514
f 786 508 1831
f 508 786 1113
f 472 1113 786
f 730 786 354
f 730 472 786
f 249 354 345
f 1346 730 354
f 1346 354 249
f 1346 249 1601
f 1805 249 345
f 1157 1805 345
f 249 1805 1546
f 1546 2047 249
f 1805 1157 999
f 1855 999 1157
f 2047 1778 249
f 1546 1805 999
f 1270 1546 999
f 1082 999 1855
f 880 1270 1082
f 1082 1270 999
f 2047 1546 1270
f 880 2047 1270
f 1082 1818 880
f 1855 808 1082
f 808 1818 1082
f 1818 808 1455
f 1818 940 880
f 1106 880 940
f 940 1818 1455
f 1455 2016 940
f 1228 940 2016
f 1106 940 1228
f 808 1855 1314
f 873 1147 1326
f 1147 873 799
f 1147 1381 472
f 1381 1147 799
f 1147 472 677
f 1779 1940 450
f 1904 1040 450
f 799 1171 102
f 941 102 112
f 1917 1904 799
f 799 102 1917
f 1914 1040 1917
f 1917 1040 1904
f 941 1914 1917
f 941 1917 102
f 1844 1113 1381
f 799 1844 1381
f 1904 1844 799
f 635 1844 1904
f 635 450 1940
f 450 635 1904
f 309 677 472
f 309 481 677
f 481 1099 677
f 1099 481 431
f 730 309 472
f 1346 309 730
f 1040 1766 450
f 1040 1914 1766
f 407 1914 941
f 407 1241 1914
f 407 941 748
f 906 130 1762
f 263 642 1813
f 263 337 642
f 492 337 263
f 985 130 1427
f 130 906 1427
f 1272 906 1908
f 594 1488 263
f 1760 1876 1488
f 639 263 1488
f 1868 492 263
f 263 639 1868
f 1876 639 1488
f 290 639 1876
f 639 290 1868
f 290 1286 1868
f 1760 256 1876
f 908 256 1565
f 337 1085 642
f 1891 1043 337
f 97 1085 337
f 1043 97 337
f 97 1043 35
f 1891 387 1043
f 1043 387 35
f 35 1226 757
f 757 171 35
f 1275 171 757
f 1275 757 445
f 35 974 97
f 974 35 171
f 974 171 580
f 580 667 1079
f 667 580 171
f 445 757 1226
f 1286 492 1868
f 854 922 1286
f 1286 922 79
f 1419 445 1100
f 1419 1501 445
f 1501 1275 445
f 1788 922 1597
f 1597 1419 1788
f 27 1501 1597
f 1419 1597 1501
f 445 1226 1100
f 505 309 1601
f 1601 309 1346
f 1195 735 431
f 1594 1195 431
f 1106 1228 1030
f 1030 1228 770
f 1627 432 854
f 1199 1778 2047
f 1199 2047 2003
f 2047 880 2003
f 2003 880 1106
f 770 111 1030
f 1195 1908 735
f 1908 1195 1702
f 1702 1272 1908
f 1594 1702 1195
f 1272 1702 908
f 2048 256 908
f 290 1876 979
f 2048 1935 256
f 813 908 1702
f 813 1702 2037
f 813 2048 908
f 1374 2048 813
f 290 854 1286
f 1049 854 290
f 979 1049 290
f 1627 854 1049
f 1316 1627 1049
f 1049 979 1316
f 1803 979 1418
f 979 1803 1316
f 724 1316 1803
f 1316 724 717
f 724 1418 1374
f 432 769 854
f 922 854 769
f 922 769 1597
f 777 1627 1316
f 777 769 1627
f 1627 769 432
f 769 27 1597
f 769 777 27
f 147 27 777
f 147 777 706
f 858 147 706
f 858 706 2008
f 717 777 1316
f 777 717 706
f 2008 706 717
f 813 188 1374
f 188 813 1464
f 1464 813 123
f 2016 1455 1496
f 1496 1455 808
f 1496 808 833
f 808 1314 833
f 190 1684 1792
f 239 1684 190
f 702 239 190
f 1032 239 702
f 637 702 190
f 702 99 1032
f 1684 239 1408
f 1032 1408 239
f 281 375 93
f 190 1792 375
f 190 375 281
f 190 281 1996
f 1665 281 1786
f 1996 281 1665
f 637 190 1996
f 637 1996 586
f 586 1996 978
f 978 1996 1665
f 909 1665 1826
f 1826 1665 1786
f 1924 773 666
f 666 513 1924
f 513 666 2006
f 919 1032 99
f 99 702 2006
f 2006 702 637
f 2006 185 99
f 99 185 919
f 1483 2006 669
f 2006 637 669
f 833 1408 1032
f 919 833 1032
f 773 919 666
f 666 919 185
f 666 185 2006
f 2006 1483 1026
f 669 637 586
f 1483 669 1851
f 1851 669 586
f 978 697 586
f 586 697 1851
f 978 1665 909
f 909 697 978
f 1553 909 1826
f 1851 1026 1483
f 1026 1851 697
f 1553 697 909
f 1553 1826 530
f 1198 1684 1408
f 646 1198 1408
f 460 16 646
f 897 649 460
f 405 460 646
f 460 405 1680
f 165 391 565
f 565 391 1345
f 302 165 565
f 867 2042 165
f 165 302 867
f 897 1345 649
f 1345 897 565
f 302 565 897
f 867 302 1652
f 1652 302 332
f 332 302 897
f 1060 332 1680
f 1680 332 897
f 1680 897 460
f 534 1652 332
f 646 16 1198
f 460 649 16
f 646 1408 833
f 1447 646 833
f 1447 405 646
f 405 1060 1680
f 1239 1060 405
f 332 1060 534
f 1239 534 1060
f 1007 1239 405
f 405 1447 1007
f 493 171 1275
f 493 1275 638
f 701 493 638
f 835 1191 1136
f 1826 1786 835
f 667 171 493
f 667 493 842
f 493 913 842
f 913 493 701
f 701 585 913
f 778 1822 766
f 21 1136 1191
f 21 187 399
f 1295 21 399
f 5 835 1136
f 1400 1295 778
f 1400 1136 21
f 1400 21 1295
f 5 1136 1400
f 1501 638 1275
f 1410 701 638
f 1410 638 1501
f 1410 1501 27
f 147 1410 27
f 147 1353 1410
f 1353 147 858
f 701 1410 585
f 1353 585 1410
f 1102 835 5
f 422 1400 778
f 422 5 1400
f 773 174 1496
f 513 1477 174
f 513 174 1924
f 1924 174 773
f 1228 2016 1496
f 1496 174 1228
f 1477 1228 174
f 770 1228 1477
f 1477 111 770
f 773 1496 833
f 1477 513 1351
f 919 773 833
f 1026 513 2006
f 1351 513 1026
f 1351 1026 1492
f 1492 1026 530
f 1026 697 530
f 990 1447 833
f 1574 1007 1447
f 990 1923 1447
f 1447 1923 1574
f 1923 275 1574
f 1452 11 939
f 831 1452 939
f 778 11 1452
f 384 2042 867
f 384 1127 2042
f 384 1038 1127
f 604 1038 384
f 272 1127 1038
f 1127 272 138
f 272 1038 681
f 901 1038 604
f 901 681 1038
f 1652 384 867
f 604 384 1652
f 1652 901 604
f 1652 534 901
f 647 138 804
f 804 138 272
f 681 601 272
f 207 901 534
f 207 681 901
f 207 601 681
f 1380 601 207
f 1380 1008 601
f 1008 1380 1889
f 1007 1380 1239
f 544 1380 1007
f 544 837 1380
f 207 534 1239
f 1380 207 1239
f 837 771 1380
f 1576 205 1008
f 1576 1307 205
f 1889 1576 1008
f 292 1576 1889
f 292 1307 1576
f 784 1307 292
f 784 292 1889
f 771 1889 1380
f 771 784 1889
f 1307 784 643
f 1307 643 1834
f 1834 643 1651
f 1651 643 784
f 1307 176 205
f 1407 205 176
f 176 1307 1834
f 275 1007 1574
f 275 544 1007
f 1321 1256 1376
f 1256 456 1376
f 1256 135 456
f 177 1838 135
f 1710 271 1376
f 1710 1376 456
f 1184 271 1710
f 135 1838 2015
f 135 1710 456
f 852 1710 135
f 1505 866 1371
f 1371 1838 1505
f 1838 1371 2015
f 1184 1710 852
f 852 135 2015
f 1589 1184 1315
f 1315 1184 852
f 734 1858 398
f 1561 398 1858
f 734 398 1323
f 734 1323 597
f 419 1551 1858
f 1858 734 419
f 419 734 524
f 419 1449 1873
f 809 419 524
f 419 809 1449
f 2018 1449 809
f 1691 1449 2018
f 924 1390 1460
f 734 597 524
f 1503 1696 1409
f 374 884 1987
f 1916 1987 884
f 884 374 1285
f 884 1285 170
f 170 1285 210
f 884 1055 1916
f 689 558 1588
f 476 558 159
f 159 558 1739
f 1739 1177 159
f 1916 159 1987
f 159 1177 1987
f 689 1739 558
f 338 689 1588
f 1756 1177 1739
f 1869 1177 1756
f 1987 1177 1869
f 689 1756 1739
f 1987 1869 1756
f 374 1987 1327
f 1327 1987 1756
f 689 1327 1756
f 1285 374 1327
f 1327 689 210
f 210 1285 1327
f 1229 829 700
f 367 700 829
f 829 1229 7
f 1946 2012 80
f 213 2012 1946
f 1720 464 367
f 1720 829 1500
f 1720 367 829
f 1500 829 7
f 2012 1211 7
f 1211 2012 1814
f 1814 2012 213
f 1946 85 1457
f 85 1711 1457
f 1203 1457 1711
f 283 1946 1457
f 283 1457 1203
f 1946 283 213
f 1203 1730 283
f 1495 213 283
f 2019 213 1495
f 386 689 338
f 338 679 386
f 884 170 1567
f 1567 1044 884
f 1567 170 210
f 1044 1567 210
f 884 654 1055
f 1044 654 884
f 654 1044 794
f 794 1044 210
f 210 1497 794
f 1497 210 1486
f 794 1204 654
f 1497 1204 794
f 1497 57 1204
f 1204 1119 654
f 1119 1204 57
f 1497 91 57
f 1055 654 1119
f 1907 723 1119
f 1119 723 1055
f 723 747 1055
f 1907 1119 57
f 108 57 91
f 1907 57 108
f 91 1877 108
f 1054 1877 91
f 1495 283 1730
f 1495 1730 527
f 527 1730 1300
f 2019 1495 527
f 600 2019 397
f 386 210 689
f 386 1486 210
f 386 91 1486
f 1560 91 386
f 550 1054 91
f 91 1560 550
f 1054 550 1944
f 679 1560 386
f 573 1560 679
f 573 550 1560
f 108 723 1907
f 747 723 521
f 521 723 108
f 521 1552 747
f 108 1877 306
f 1552 521 127
f 127 521 108
f 108 306 127
f 1055 747 1516
f 1595 747 1552
f 1595 1516 747
f 192 175 1165
f 1595 1552 127
f 1595 127 1033
f 1033 175 1595
f 127 306 1883
f 1516 1595 175
f 1877 1883 306
f 1877 890 1883
f 1033 1165 175
f 127 1883 1033
f 1883 540 1033
f 893 1165 1033
f 540 893 1033
f 890 540 1883
f 1877 1715 890
f 1516 175 192
f 890 1715 2045
f 1944 1877 1054
f 1944 2045 1877
f 1715 1877 2045
f 1138 464 1720
f 1500 7 1211
f 1233 1211 1814
f 1233 1814 213
f 1233 213 184
f 213 326 184
f 2019 326 213
f 1407 600 397
f 956 600 1407
f 326 2019 600
f 1222 956 1834
f 600 956 1222
f 1388 600 1222
f 326 600 1388
f 176 956 1407
f 1834 956 176
f 326 920 184
f 1690 326 270
f 1999 326 1690
f 1662 1893 458
f 1662 172 209
f 91 1497 1486
f 1901 1349 644
f 644 2051 1901
f 1901 449 1349
f 196 1349 449
f 449 1737 196
f 1901 2051 1206
f 1822 817 1527
f 410 1709 982
f 1709 410 1294
f 410 62 1294
f 1704 1736 1282
f 1704 1294 1231
f 410 105 471
f 471 62 410
f 1812 62 471
f 1294 62 1231
f 40 1231 62
f 1812 40 62
f 1273 40 1812
f 1231 1736 1704
f 1273 1231 40
f 1273 1428 1231
f 447 1428 1273
f 1736 1231 1719
f 1494 1719 1231
f 1231 73 1494
f 1428 73 1231
f 447 73 1428
f 105 410 982
f 46 606 105
f 46 105 1742
f 1575 471 105
f 1575 1812 471
f 1137 1812 1575
f 1273 1812 1963
f 1812 1137 1963
f 606 1575 105
f 606 1137 1575
f 914 1137 606
f 1137 1511 1963
f 914 1511 1137
f 46 914 606
f 1273 1963 447
f 1963 1511 447
f 1511 1424 447
f 1742 344 1741
f 1741 344 56
f 1517 56 765
f 56 1517 1741
f 1742 1741 46
f 468 46 1741
f 468 1741 1517
f 914 46 828
f 46 468 828
f 1517 765 2027
f 468 1517 2027
f 468 2027 828
f 336 2027 765
f 336 765 1683
f 914 828 1511
f 1953 1424 1511
f 828 1953 1511
f 1953 828 2027
f 2027 1424 1953
f 1424 2027 336
f 1424 336 1029
f 1029 336 1683
f 2013 877 1925
f 877 1391 233
f 923 2013 532
f 532 366 923
f 923 366 1283
f 143 1283 2030
f 1925 532 2013
f 2025 1095 1925
f 2025 1925 877
f 1617 366 532
f 1283 366 2030
f 1687 2030 366
f 1687 366 1617
f 2030 1687 296
f 1687 385 296
f 385 1687 588
f 1355 385 588
f 532 1095 1617
f 532 1925 1095
f 1095 2025 613
f 588 1617 1095
f 613 588 1095
f 588 1687 1617
f 1355 588 613
f 109 1355 613
f 109 613 722
f 2030 296 143
f 296 1087 143
f 1341 1982 767
f 234 1982 1
f 234 767 1982
f 1628 1087 296
f 554 402 1087
f 385 1628 296
f 1628 554 1087
f 695 1628 385
f 1628 695 554
f 554 1341 402
f 554 1303 1341
f 385 1355 695
f 2039 1355 109
f 695 1303 554
f 1355 1230 695
f 1355 2039 1912
f 1230 1355 1912
f 1303 695 1230
f 1303 1230 1896
f 1982 1341 1303
f 1303 1896 1982
f 1896 1230 1912
f 1859 2010 1894
f 114 1894 2010
f 1859 1519 768
f 1894 1519 1859
f 114 1704 1282
f 114 1282 1894
f 1391 608 233
f 1391 768 608
f 267 608 768
f 267 1360 608
f 1282 1960 1894
f 267 1894 1960
f 1894 267 1519
f 1674 1960 1282
f 1736 1674 1282
f 1674 267 1960
f 267 768 1519
f 267 1674 1360
f 23 233 608
f 608 1360 23
f 948 23 1360
f 877 1474 2025
f 1524 2025 1474
f 1474 877 233
f 23 1524 1474
f 1524 613 2025
f 1524 1633 613
f 233 23 1474
f 23 1633 1524
f 23 948 1633
f 1633 948 252
f 465 252 948
f 1719 1674 1736
f 1674 1719 1360
f 1719 948 1360
f 465 948 1719
f 1719 1494 465
f 844 1494 73
f 447 844 73
f 844 1269 1494
f 1494 1269 465
f 447 1269 844
f 330 1633 1794
f 252 1794 1633
f 722 330 1794
f 722 613 330
f 1902 1794 465
f 861 722 1794
f 722 861 315
f 1902 861 1794
f 861 1902 821
f 465 1269 1902
f 518 2043 1973
f 1516 192 10
f 1516 10 2032
f 658 1437 1516
f 658 571 1437
f 658 1516 2032
f 650 571 1906
f 2032 1906 658
f 1906 571 658
f 1046 1920 890
f 1187 1046 890
f 1619 1261 1041
f 1149 1041 1261
f 1906 2032 1041
f 1906 1041 1149
f 1619 1920 1046
f 1261 1619 1046
f 1149 1261 1598
f 1261 949 1598
f 779 1046 1187
f 949 1261 1046
f 1046 779 949
f 1781 160 1620
f 215 1247 447
f 1247 1973 447
f 1973 1247 518
f 518 1247 1761
f 215 1761 1247
f 1498 518 1761
f 518 1498 965
f 630 1761 215
f 630 1498 1761
f 1063 1498 630
f 1989 1781 1620
f 570 1781 1989
f 1263 570 433
f 715 215 447
f 215 715 630
f 1031 1263 433
f 715 1263 1031
f 197 234 1
f 910 694 392
f 392 197 1508
f 315 109 722
f 315 861 1785
f 413 315 1785
f 413 109 315
f 413 2039 109
f 1109 2039 413
f 1109 413 1764
f 413 1785 1764
f 1764 1785 587
f 1912 2039 1582
f 1467 780 731
f 412 780 1467
f 2039 780 412
f 412 1657 2039
f 1714 1764 587
f 1714 1423 1306
f 780 2039 1109
f 1109 731 780
f 731 1109 1764
f 1714 1306 1764
f 731 1764 1306
f 235 1582 2039
f 1306 1423 351
f 1306 351 731
f 1 1982 1267
f 1508 197 1
f 1267 1982 1896
f 1912 1267 1896
f 764 1 1267
f 764 1267 1912
f 1912 1582 764
f 1 764 1508
f 764 1582 1387
f 1657 235 2039
f 392 1508 1096
f 1096 1508 572
f 572 1413 1752
f 1096 572 1752
f 1387 1508 764
f 572 1387 1582
f 1582 1413 572
f 1582 235 1413
f 572 1508 1387
f 910 392 1096
f 1534 910 1096
f 910 1534 1641
f 495 1004 713
f 1004 1076 713
f 1641 1534 1004
f 1780 412 1467
f 1491 412 1780
f 412 1491 1657
f 241 1885 1780
f 1491 1780 1885
f 241 1780 872
f 1657 1491 152
f 1063 1799 965
f 1063 965 1498
f 225 1807 1255
f 1467 277 1780
f 351 1467 731
f 1467 351 277
f 277 351 1312
f 1780 277 872
f 872 277 100
f 1807 277 1312
f 100 277 1807
f 1620 1885 1767
f 241 1767 1885
f 241 2001 1767
f 1989 1620 1767
f 645 1989 1767
f 645 1767 2001
f 570 1989 645
f 433 570 645
f 2001 241 872
f 1620 1491 1885
f 134 1491 1620
f 152 1491 134
f 2001 872 1622
f 1622 100 843
f 715 225 1063
f 1063 630 715
f 843 1807 225
f 843 100 1807
f 433 645 396
f 715 1031 760
f 760 1031 433
f 760 433 396
f 645 2001 396
f 1622 396 2001
f 1622 843 396
f 760 225 715
f 760 843 225
f 760 396 843
f 1622 872 100
f 152 1413 235
f 235 1657 152
f 1076 541 152
f 1096 1752 1534
f 1752 1413 152
f 541 1076 1534
f 541 1534 1752
f 541 1752 152
f 1534 1076 1004
f 1076 1042 713
f 1042 1076 152
f 1902 1943 1695
f 1695 821 1902
f 1695 587 821
f 98 1695 1943
f 1943 1902 1269
f 447 1943 1269
f 1943 2043 839
f 2043 1943 447
f 1973 2043 447
f 2043 1799 839
f 965 2043 518
f 1799 2043 965
f 1695 98 587
f 393 587 98
f 839 1666 1943
f 1943 1666 98
f 1666 393 98
f 1892 393 1666
f 1714 587 393
f 1423 1714 393
f 1666 839 1799
f 1666 1799 904
f 1666 904 1892
f 1423 393 1892
f 1423 1892 1312
f 904 1312 1892
f 351 1423 1312
f 225 1799 1063
f 904 1799 225
f 1255 904 225
f 1255 1312 904
f 1807 1312 1255
f 765 571 650
f 183 48 1187
f 765 650 19
f 650 1906 1149
f 19 650 1149
f 1598 1536 19
f 1598 19 1149
f 1683 765 19
f 19 1536 1683
f 1536 1598 949
f 48 779 1187
f 1506 779 48
f 48 675 1506
f 949 779 1506
f 1536 949 1506
f 1536 1506 1781
f 1506 675 1781
f 1683 1536 570
f 183 284 48
f 284 183 314
f 847 216 314
f 1484 675 48
f 1781 675 160
f 1484 1089 675
f 1089 160 675
f 1536 1781 570
f 284 1484 48
f 284 1089 1484
f 160 1089 1701
f 1701 1089 1125
f 214 1089 284
f 214 284 325
f 284 314 325
f 214 1125 1089
f 1125 214 325
f 325 314 216
f 216 178 325
f 325 178 1125
f 447 1424 715
f 2026 715 1424
f 1424 1029 2026
f 1683 2026 1029
f 2026 1683 280
f 280 1683 570
f 715 2026 280
f 280 570 1263
f 280 1263 715
f 618 216 847
f 849 216 618
f 1671 849 1066
f 1701 134 160
f 1620 160 134
f 753 134 1701
f 1701 1125 753
f 1755 753 1125
f 849 1671 1755
f 163 1755 1671
f 163 753 1755
f 178 216 849
f 849 1755 178
f 1755 1125 178
f 26 495 1671
f 1182 495 713
f 1182 1671 495
f 163 1182 1042
f 163 1042 753
f 1182 713 1042
f 1671 1182 163
f 134 753 152
f 753 1042 152
f 230 1737 449
f 1051 1737 230
f 817 1051 230
f 230 449 817
f 449 1901 817
f 399 1051 817
f 1901 1527 817
f 1822 399 817
f 1295 399 1822
f 778 1295 1822
f 330 613 1633
f 465 1794 252
f 192 1165 1608
f 1608 1165 893
f 2021 1608 893
f 2021 893 540
f 1608 10 192
f 10 1608 381
f 10 381 1664
f 10 1664 2032
f 1664 381 1619
f 2032 1664 1041
f 1041 1664 1619
f 2021 540 890
f 890 1920 2021
f 1608 2021 381
f 1619 381 2021
f 2021 1920 1619
f 1785 861 821
f 587 1785 821
f 473 581 627
f 1475 1983 359
f 473 627 1613
f 627 1475 359
f 1613 627 1139
f 1139 627 1289
f 581 473 1625
f 473 342 1625
f 364 1625 342
f 1921 1309 364
f 1613 342 473
f 1613 1139 1399
f 342 1111 364
f 1111 342 1613
f 1111 1613 1399
f 1301 1139 1888
f 1399 1139 1301
f 1111 1921 364
f 61 1921 1111
f 699 1921 61
f 1111 1399 61
f 61 1399 1750
f 1301 1750 1399
f 359 1815 1028
f 156 359 1028
f 1289 627 359
f 1289 359 156
f 1139 1289 1888
f 156 1888 1289
f 1656 156 1986
f 1604 1656 1986
f 1604 1986 1315
f 1888 1572 1301
f 1888 156 1656
f 1604 503 1656
f 1888 1656 1572
f 1921 3 1309
f 1829 998 1009
f 1653 1829 1510
f 699 998 3
f 699 3 1921
f 1009 998 699
f 1829 1009 1510
f 1750 699 61
f 1750 1009 699
f 1009 1750 1072
f 1301 1072 1750
f 1604 1315 1458
f 1510 852 1653
f 1458 503 1604
f 503 1458 2011
f 1572 503 1074
f 503 1572 1656
f 503 2011 1074
f 1510 2011 852
f 1074 2011 1510
f 1074 1072 1572
f 1072 1301 1572
f 1009 1072 1510
f 1510 1072 1074